,Unnamed: 0,Timestamp,FrameCount,Manufacturer,Name,SerialNumber,Acceleration,AngularAcceleration,AngularVelocity,Position,Rotation,Velocity,IsTracked
168,521,2023-04-06T20:09:21.623405,532,HTC,OpenVR Controller(VIVE Tracker 3.0 MV) - Right,LHR-9E483859,"(0,0,0)","(0,0,0)","(-0.002404786,-0.0008837513,-0.0002316074)","(0.02011794,0.9661737,0.3442816)","(-0.499637,0.4621131,0.5240341,-0.5120571)","(0.0006882992,0.001180626,-0.0009440271)",True
169,522,2023-04-06T20:09:21.634403,533,HTC,OpenVR Controller(VIVE Tracker 3.0 MV) - Right,LHR-9E483859,"(0,0,0)","(0,0,0)","(-0.0001864896,-0.001933327,0.0006605872)","(0.02009128,0.96609,0.3442989)","(-0.499581,0.4621592,0.5240328,-0.5120715)","(0.0002525534,0.0004002398,-0.000697434)",True
170,523,2023-04-06T20:09:21.645406,534,HTC,OpenVR Controller(VIVE Tracker 3.0 MV) - Right,LHR-9E483859,"(0,0,0)","(0,0,0)","(-0.001274305,-0.0008963423,0.000767845)","(0.02007044,0.9661007,0.3443078)","(-0.4996052,0.4621546,0.5240385,-0.5120465)","(0.0002130396,0.0003787579,-0.0007031531)",True
171,524,2023-04-06T20:09:21.657406,535,HTC,OpenVR Controller(VIVE Tracker 3.0 MV) - Right,LHR-9E483859,"(0,0,0)","(0,0,0)","(-0.002385267,0.001197668,0.0009214603)","(0.02002009,0.9661224,0.3443251)","(-0.4996113,0.4621459,0.5240538,-0.5120326)","(0.000227364,0.0006427975,-0.0009304824)",True
172,525,2023-04-06T20:09:21.668404,536,HTC,OpenVR Controller(VIVE Tracker 3.0 MV) - Right,LHR-9E483859,"(0,0,0)","(0,0,0)","(-0.0003004881,0.0002312632,-0.000306203)","(0.02002129,0.9660012,0.3443475)","(-0.4995695,0.4621755,0.5240616,-0.5120385)","(0.000309152,-0.0005010689,-0.0004340559)",True
173,526,2023-04-06T20:09:21.679404,537,HTC,OpenVR Controller(VIVE Tracker 3.0 MV) - Right,LHR-9E483859,"(0,0,0)","(0,0,0)","(-0.0002596784,0.001254211,0.0007992023)","(0.01999952,0.9660118,0.3443587)","(-0.4995812,0.4622028,0.5240512,-0.5120131)","(0.000241749,-0.0003617241,-0.0004290216)",True
174,527,2023-04-06T20:09:21.690405,538,HTC,OpenVR Controller(VIVE Tracker 3.0 MV) - Right,LHR-9E483859,"(0,0,0)","(0,0,0)","(-0.001337531,-0.0008621453,-0.0002851384)","(0.01990727,0.9660183,0.3444197)","(-0.4995574,0.4621532,0.5240923,-0.5120391)","(0.0001056463,-0.0003770918,-0.0003214014)",True
175,528,2023-04-06T20:09:21.701403,539,HTC,OpenVR Controller(VIVE Tracker 3.0 MV) - Right,LHR-9E483859,"(0,0,0)","(0,0,0)","(-0.002358985,0.000133571,0.000893913)","(0.01999806,0.9660577,0.3443446)","(-0.4995355,0.462202,0.5241343,-0.5119734)","(0.0007609304,-1.270492E-05,-0.001037)",True
176,529,2023-04-06T20:09:21.712402,540,HTC,OpenVR Controller(VIVE Tracker 3.0 MV) - Right,LHR-9E483859,"(0,0,0)","(0,0,0)","(-0.0001429485,-0.0009177203,0.001783426)","(0.01999796,0.9660518,0.3443221)","(-0.4995041,0.4622227,0.5241273,-0.5119926)","(0.0005793131,-0.0001192403,-0.001332595)",True
177,530,2023-04-06T20:09:21.723403,541,HTC,OpenVR Controller(VIVE Tracker 3.0 MV) - Right,LHR-9E483859,"(0,0,0)","(0,0,0)","(0.001892963,0.000239662,0.0006384618)","(0.01993554,0.9660408,0.3443532)","(-0.4994867,0.4622367,0.5241066,-0.5120181)","(0.0004209409,-0.0005608019,-0.00143039)",True
178,531,2023-04-06T20:09:21.735404,542,HTC,OpenVR Controller(VIVE Tracker 3.0 MV) - Right,LHR-9E483859,"(0,0,0)","(0,0,0)","(0.0008401246,-0.002934888,-0.0004868906)","(0.02001564,0.9660566,0.3443191)","(-0.4994456,0.4622216,0.5241398,-0.512038)","(0.0009662699,-0.0002553933,-0.001381101)",True
179,532,2023-04-06T20:09:21.746403,543,HTC,OpenVR Controller(VIVE Tracker 3.0 MV) - Right,LHR-9E483859,"(0,0,0)","(0,0,0)","(0.0007426641,0.001321822,-0.0003119028)","(0.02001573,0.9660652,0.344299)","(-0.4995031,0.4622615,0.5240905,-0.5119962)","(0.001215472,-0.0001744062,-0.00178375)",True
180,533,2023-04-06T20:09:21.768403,545,HTC,OpenVR Controller(VIVE Tracker 3.0 MV) - Right,LHR-9E483859,"(0,0,0)","(0,0,0)","(-0.0002507847,0.001246564,0.0008178738)","(0.01995905,0.9660745,0.3443021)","(-0.4994499,0.4622681,0.5241286,-0.5120031)","(0.0008697454,-0.0001016413,-0.001941173)",True
181,534,2023-04-06T20:09:21.779404,546,HTC,OpenVR Controller(VIVE Tracker 3.0 MV) - Right,LHR-9E483859,"(0,0,0)","(0,0,0)","(-0.0002916259,0.0002251145,-0.0002887234)","(0.01998656,0.9660782,0.3442704)","(-0.4994518,0.4622467,0.5241231,-0.5120263)","(0.001008895,6.927579E-05,-0.002005714)",True
182,535,2023-04-06T20:09:21.790404,547,HTC,OpenVR Controller(VIVE Tracker 3.0 MV) - Right,LHR-9E483859,"(0,0,0)","(0,0,0)","(-0.0002258792,0.000175456,0.000776115)","(0.01994716,0.9660887,0.344373)","(-0.4993997,0.4622394,0.5241761,-0.5120295)","(0.001155022,6.683777E-05,-0.00134407)",True
183,536,2023-04-06T20:09:21.802405,548,HTC,OpenVR Controller(VIVE Tracker 3.0 MV) - Right,LHR-9E483859,"(0,0,0)","(0,0,0)","(-0.0002176665,0.0001781666,0.0007733575)","(0.01997555,0.966114,0.3443629)","(-0.4993884,0.4622712,0.5241269,-0.512062)","(0.001233446,0.0004089912,-0.00128247)",True
184,537,2023-04-06T20:09:21.813407,549,HTC,OpenVR Controller(VIVE Tracker 3.0 MV) - Right,LHR-9E483859,"(0,0,0)","(0,0,0)","(-0.001321257,-0.000870303,-0.0002682618)","(0.02003986,0.9660724,0.3443129)","(-0.4993953,0.4622364,0.5241383,-0.5120751)","(0.001639586,-0.0003423396,-0.001561888)",True
185,538,2023-04-06T20:09:21.824403,550,HTC,OpenVR Controller(VIVE Tracker 3.0 MV) - Right,LHR-9E483859,"(0,0,0)","(0,0,0)","(-0.0004595394,0.002427776,-0.002324389)","(0.01996392,0.9660872,0.344339)","(-0.4994069,0.4622498,0.5240928,-0.5120983)","(0.001402635,-0.0002062335,-0.001873063)",True
186,539,2023-04-06T20:09:21.835409,551,HTC,OpenVR Controller(VIVE Tracker 3.0 MV) - Right,LHR-9E483859,"(0,0,0)","(0,0,0)","(0.001894352,-0.001860051,-0.0005029272)","(0.01991845,0.9660579,0.3443618)","(-0.4993228,0.4622509,0.5241396,-0.5121314)","(0.001118216,-0.0005509959,-0.001366872)",True
187,540,2023-04-06T20:09:21.846402,552,HTC,OpenVR Controller(VIVE Tracker 3.0 MV) - Right,LHR-9E483859,"(0,0,0)","(0,0,0)","(0.0008727151,-0.0008646635,0.000667348)","(0.0199492,0.9660647,0.344321)","(-0.4993255,0.462266,0.5241491,-0.5121054)","(0.001405586,-0.0003549095,-0.001776172)",True
188,541,2023-04-06T20:09:21.857403,553,HTC,OpenVR Controller(VIVE Tracker 3.0 MV) - Right,LHR-9E483859,"(0,0,0)","(0,0,0)","(0.002973168,0.0002509663,0.0005848432)","(0.01989904,0.9660563,0.3444254)","(-0.4992931,0.462306,0.5241352,-0.5121151)","(0.001533931,-0.0006897004,-0.0009312609)",True
189,542,2023-04-06T20:09:21.869403,554,HTC,OpenVR Controller(VIVE Tracker 3.0 MV) - Right,LHR-9E483859,"(0,0,0)","(0,0,0)","(-0.0003450195,0.0002551871,-0.001347196)","(0.01992256,0.9660156,0.3444347)","(-0.4993487,0.4622461,0.5241376,-0.5121125)","(0.001917994,-0.001006855,-0.0008197213)",True
190,543,2023-04-06T20:09:21.880404,555,HTC,OpenVR Controller(VIVE Tracker 3.0 MV) - Right,LHR-9E483859,"(0,0,0)","(0,0,0)","(0.001759854,0.00137755,-0.001433723)","(0.02007787,0.9659625,0.3444069)","(-0.4993538,0.4623091,0.5240701,-0.5121196)","(0.00255239,-0.001433854,-0.0008094484)",True
191,544,2023-04-06T20:09:21.891403,556,HTC,OpenVR Controller(VIVE Tracker 3.0 MV) - Right,LHR-9E483859,"(0,0,0)","(0,0,0)","(0.002854294,0.0003378897,-0.001542663)","(0.01997955,0.965951,0.3442273)","(-0.4992957,0.4623327,0.5240411,-0.5121847)","(0.00166365,-0.001349157,-0.002788898)",True
192,545,2023-04-06T20:09:21.902403,557,HTC,OpenVR Controller(VIVE Tracker 3.0 MV) - Right,LHR-9E483859,"(0,0,0)","(0,0,0)","(0.000929966,0.000160584,0.001775885)","(0.02008016,0.9660244,0.3441656)","(-0.4992583,0.4623812,0.5240802,-0.5121374)","(0.002256031,-0.0005842876,-0.002954448)",True
193,546,2023-04-06T20:09:21.914407,558,HTC,OpenVR Controller(VIVE Tracker 3.0 MV) - Right,LHR-9E483859,"(0,0,0)","(0,0,0)","(0.001747922,0.002441551,-0.001389784)","(0.0200795,0.9660242,0.3441401)","(-0.4993138,0.4623728,0.5240136,-0.512159)","(0.002085075,-0.0006115094,-0.002926602)",True
194,547,2023-04-06T20:09:21.936405,560,HTC,OpenVR Controller(VIVE Tracker 3.0 MV) - Right,LHR-9E483859,"(0,0,0)","(0,0,0)","(-0.001276324,0.0001621963,0.000782788)","(0.02057907,0.9660839,0.3439043)","(-0.4996216,0.4621159,0.5238516,-0.5122563)","(0.003220945,0.0003847294,-0.003192048)",True
195,548,2023-04-06T20:09:21.947403,561,HTC,OpenVR Controller(VIVE Tracker 3.0 MV) - Right,LHR-9E483859,"(0,0,0)","(0,0,0)","(-0.0002537598,-0.0008314815,-0.0003888416)","(0.0205057,0.9661088,0.3439268)","(-0.4996237,0.4620931,0.5238385,-0.5122883)","(0.002370768,0.0005099016,-0.00287148)",True
196,549,2023-04-06T20:09:21.958403,562,HTC,OpenVR Controller(VIVE Tracker 3.0 MV) - Right,LHR-9E483859,"(0,0,0)","(0,0,0)","(0.001997354,-0.0008637563,0.001610829)","(0.02047015,0.9661381,0.3440881)","(-0.4995646,0.4621253,0.5238808,-0.5122737)","(0.002450157,0.0005963204,-0.001625938)",True
197,550,2023-04-06T20:09:21.969403,563,HTC,OpenVR Controller(VIVE Tracker 3.0 MV) - Right,LHR-9E483859,"(0,0,0)","(0,0,0)","(-0.0002715873,-0.0008188637,-0.0004311582)","(0.02085395,0.9659334,0.3438296)","(-0.4998915,0.4619165,0.5236776,-0.5123509)","(0.00291378,-0.001069079,-0.002456592)",True
198,551,2023-04-06T20:09:21.980403,564,HTC,OpenVR Controller(VIVE Tracker 3.0 MV) - Right,LHR-9E483859,"(0,0,0)","(0,0,0)","(0.0008160668,-0.001853856,-0.0005414794)","(0.02073202,0.9659911,0.3438747)","(-0.49988,0.4619052,0.5236734,-0.5123767)","(0.001978011,-0.0004495044,-0.002252345)",True
199,552,2023-04-06T20:09:21.991403,565,HTC,OpenVR Controller(VIVE Tracker 3.0 MV) - Right,LHR-9E483859,"(0,0,0)","(0,0,0)","(-0.0001436766,-0.0009044154,0.00169282)","(0.02063006,0.9660005,0.3439232)","(-0.4998617,0.4619262,0.5237153,-0.5123327)","(0.001374903,-0.0004740323,-0.002120082)",True
200,553,2023-04-06T20:09:22.003404,566,HTC,OpenVR Controller(VIVE Tracker 3.0 MV) - Right,LHR-9E483859,"(0,0,0)","(0,0,0)","(0.0008614833,0.001259998,0.001698267)","(0.02081429,0.9659758,0.3437898)","(-0.4999917,0.461906,0.5235984,-0.5123435)","(0.001603256,-0.0004725044,-0.002231438)",True
201,554,2023-04-06T20:09:22.014405,567,HTC,OpenVR Controller(VIVE Tracker 3.0 MV) - Right,LHR-9E483859,"(0,0,0)","(0,0,0)","(-0.0001766598,0.000167387,0.001714997)","(0.02066247,0.9660064,0.3438746)","(-0.5000022,0.4618732,0.5236169,-0.5123439)","(0.0003681949,-0.0004664061,-0.001456533)",True
202,555,2023-04-06T20:09:22.025404,568,HTC,OpenVR Controller(VIVE Tracker 3.0 MV) - Right,LHR-9E483859,"(0,0,0)","(0,0,0)","(-0.001282542,-0.0008830022,0.0006740433)","(0.02055543,0.9660239,0.3440079)","(-0.5000229,0.4618275,0.5236502,-0.5123307)","(8.370136E-05,-0.0004984397,-0.0007146396)",True
203,556,2023-04-06T20:09:22.036405,569,HTC,OpenVR Controller(VIVE Tracker 3.0 MV) - Right,LHR-9E483859,"(0,0,0)","(0,0,0)","(-0.0003626722,0.002384781,-0.0003291292)","(0.02061269,0.9659208,0.3439573)","(-0.5001036,0.4618557,0.5235381,-0.5123413)","(-9.439547E-05,-0.001263802,-0.0008713535)",True
204,557,2023-04-06T20:09:22.047405,570,HTC,OpenVR Controller(VIVE Tracker 3.0 MV) - Right,LHR-9E483859,"(0,0,0)","(0,0,0)","(0.0007892343,0.001306517,0.0006238914)","(0.02047648,0.9659581,0.3440178)","(-0.5000867,0.4618569,0.5235444,-0.5123503)","(-0.0008723559,-0.0007914932,-0.0004929785)",True
205,558,2023-04-06T20:09:22.059404,571,HTC,OpenVR Controller(VIVE Tracker 3.0 MV) - Right,LHR-9E483859,"(0,0,0)","(0,0,0)","(-0.0002871244,-0.000810615,-0.0004621314)","(0.02036488,0.9659613,0.3441145)","(-0.5000768,0.4617908,0.5235883,-0.5123748)","(-0.001285354,-0.0008146377,-4.394915E-05)",True
206,559,2023-04-06T20:09:22.070403,572,HTC,OpenVR Controller(VIVE Tracker 3.0 MV) - Right,LHR-9E483859,"(0,0,0)","(0,0,0)","(-0.000221415,-0.0008496665,0.0006015107)","(0.02050231,0.9659646,0.3440147)","(-0.500073,0.4618368,0.5235841,-0.5123412)","(-0.0004921103,-0.000617849,-0.0005625186)",True
207,560,2023-04-06T20:09:22.092404,574,HTC,OpenVR Controller(VIVE Tracker 3.0 MV) - Right,LHR-9E483859,"(0,0,0)","(0,0,0)","(0.000750026,0.0002838193,-0.0004802518)","(0.02037956,0.9659836,0.3441141)","(-0.5000824,0.4618293,0.5235667,-0.5123565)","(-0.0009249782,-0.0003271524,0.0001000525)",True
208,561,2023-04-06T20:09:22.103402,575,HTC,OpenVR Controller(VIVE Tracker 3.0 MV) - Right,LHR-9E483859,"(0,0,0)","(0,0,0)","(0.0008145681,0.0002415285,0.0005897141)","(0.02044164,0.9660452,0.3440522)","(-0.5000466,0.4618692,0.5236102,-0.512311)","(-0.000646149,0.0001623102,-0.0003342499)",True
209,562,2023-04-06T20:09:22.114403,576,HTC,OpenVR Controller(VIVE Tracker 3.0 MV) - Right,LHR-9E483859,"(0,0,0)","(0,0,0)","(-0.002283867,-0.000951354,0.001797583)","(0.02035188,0.9660666,0.3440689)","(-0.5000608,0.4618291,0.5236642,-0.5122783)","(-0.001139872,0.0001852576,-0.00059871)",True
210,563,2023-04-06T20:09:22.126404,577,HTC,OpenVR Controller(VIVE Tracker 3.0 MV) - Right,LHR-9E483859,"(0,0,0)","(0,0,0)","(-0.000106073,-0.003021301,0.001596575)","(0.02027266,0.9659697,0.3441359)","(-0.4999556,0.4618869,0.5237244,-0.5122672)","(-0.001318456,-0.0008212037,-0.0002998687)",True
211,564,2023-04-06T20:09:22.137404,578,HTC,OpenVR Controller(VIVE Tracker 3.0 MV) - Right,LHR-9E483859,"(0,0,0)","(0,0,0)","(-0.002415658,-0.0008662927,-0.0003120797)","(0.02022375,0.965961,0.3441176)","(-0.5000243,0.4618535,0.523717,-0.5122377)","(-0.001445079,-0.0009265855,-0.0007280445)",True
212,565,2023-04-06T20:09:22.148405,579,HTC,OpenVR Controller(VIVE Tracker 3.0 MV) - Right,LHR-9E483859,"(0,0,0)","(0,0,0)","(-0.001573494,0.0003544718,-0.00352006)","(0.02016933,0.9659521,0.344153)","(-0.5000756,0.4618311,0.5236555,-0.5122707)","(-0.001730144,-0.001126098,-0.0003255248)",True
213,566,2023-04-06T20:09:22.159403,580,HTC,OpenVR Controller(VIVE Tracker 3.0 MV) - Right,LHR-9E483859,"(0,0,0)","(0,0,0)","(-0.001381218,0.0002216233,-0.0003320749)","(0.02008519,0.9659517,0.344283)","(-0.5000328,0.4618242,0.5237197,-0.512253)","(-0.001920574,-0.001154247,0.0006917706)",True
214,567,2023-04-06T20:09:22.170404,581,HTC,OpenVR Controller(VIVE Tracker 3.0 MV) - Right,LHR-9E483859,"(0,0,0)","(0,0,0)","(0.0006570772,0.001387729,-0.0014735)","(0.02022604,0.9660764,0.3441419)","(-0.5000107,0.4618942,0.5236663,-0.5122662)","(-0.0009897075,0.0001597949,-0.0006054119)",True
215,568,2023-04-06T20:09:22.182404,582,HTC,OpenVR Controller(VIVE Tracker 3.0 MV) - Right,LHR-9E483859,"(0,0,0)","(0,0,0)","(-0.0001976099,-0.001917142,0.0005829922)","(0.02023358,0.9660679,0.3441258)","(-0.499961,0.4618703,0.5237342,-0.5122669)","(-0.00107797,0.0001284667,-0.0006026757)",True
216,569,2023-04-06T20:09:22.193404,583,HTC,OpenVR Controller(VIVE Tracker 3.0 MV) - Right,LHR-9E483859,"(0,0,0)","(0,0,0)","(-0.0001899651,0.0001707492,0.001730322)","(0.02032761,0.9660571,0.344162)","(-0.5000162,0.4618877,0.5237189,-0.5122131)","(-0.0004028653,5.956074E-05,-6.361204E-05)",True
217,570,2023-04-06T20:09:22.204407,584,HTC,OpenVR Controller(VIVE Tracker 3.0 MV) - Right,LHR-9E483859,"(0,0,0)","(0,0,0)","(0.001897146,-0.0007927177,0.0004960287)","(0.0203078,0.9660457,0.3441644)","(-0.4999966,0.4618943,0.5236937,-0.5122518)","(-0.0006469329,-0.0002339923,-2.583065E-05)",True
218,571,2023-04-06T20:09:22.215404,585,HTC,OpenVR Controller(VIVE Tracker 3.0 MV) - Right,LHR-9E483859,"(0,0,0)","(0,0,0)","(-0.0002281742,-0.0008497166,0.0006242067)","(0.02033396,0.9660346,0.3441332)","(-0.5000155,0.4618774,0.523713,-0.5122289)","(-0.0005548355,-0.0002440459,-0.0002683031)",True
219,572,2023-04-06T20:09:22.226408,586,HTC,OpenVR Controller(VIVE Tracker 3.0 MV) - Right,LHR-9E483859,"(0,0,0)","(0,0,0)","(-0.00115926,-0.0009602644,0.00281019)","(0.02036092,0.9660299,0.3441538)","(-0.5000198,0.461905,0.5237218,-0.512191)","(-0.0004070253,-0.0003507524,1.833156E-05)",True
220,573,2023-04-06T20:09:22.249404,588,HTC,OpenVR Controller(VIVE Tracker 3.0 MV) - Right,LHR-9E483859,"(0,0,0)","(0,0,0)","(0.0008366506,-0.0008175205,0.0005574846)","(0.02031661,0.9660294,0.3441417)","(-0.5000352,0.4618989,0.5236638,-0.5122407)","(-0.0005932563,-0.0003450731,-0.0004416093)",True
221,574,2023-04-06T20:09:22.260405,589,HTC,OpenVR Controller(VIVE Tracker 3.0 MV) - Right,LHR-9E483859,"(0,0,0)","(0,0,0)","(0.001869497,0.0002776471,0.0005334427)","(0.0203685,0.9660887,0.3441418)","(-0.5000658,0.4619014,0.5236288,-0.5122442)","(-0.0003346129,0.0003188636,-0.0001960274)",True
222,575,2023-04-06T20:09:22.271404,590,HTC,OpenVR Controller(VIVE Tracker 3.0 MV) - Right,LHR-9E483859,"(0,0,0)","(0,0,0)","(-0.0002956555,-0.0008009687,-0.0004459609)","(0.02034618,0.9660982,0.3441281)","(-0.5000906,0.4618562,0.5236473,-0.5122421)","(-0.0005895992,0.0004164366,-0.0004865217)",True
223,576,2023-04-06T20:09:22.282405,591,HTC,OpenVR Controller(VIVE Tracker 3.0 MV) - Right,LHR-9E483859,"(0,0,0)","(0,0,0)","(-0.0003858227,0.0003060769,-0.001463415)","(0.02038856,0.9660807,0.3441121)","(-0.5001142,0.4618609,0.523624,-0.5122386)","(-0.0003958448,0.0002611171,-0.0001728403)",True
224,577,2023-04-06T20:09:22.293404,592,HTC,OpenVR Controller(VIVE Tracker 3.0 MV) - Right,LHR-9E483859,"(0,0,0)","(0,0,0)","(-0.000335734,-0.001824661,-0.001551609)","(0.02027498,0.9660885,0.3442142)","(-0.5000846,0.4618171,0.5236695,-0.5122604)","(-0.00093725,7.692028E-05,0.0004696372)",True
225,578,2023-04-06T20:09:22.304404,593,HTC,OpenVR Controller(VIVE Tracker 3.0 MV) - Right,LHR-9E483859,"(0,0,0)","(0,0,0)","(0.000730971,-0.001792418,-0.001614939)","(0.02029355,0.9659345,0.3442264)","(-0.500074,0.4618521,0.523631,-0.5122785)","(-0.0007941428,-0.001360591,0.0006927515)",True
226,579,2023-04-06T20:09:22.316407,594,HTC,OpenVR Controller(VIVE Tracker 3.0 MV) - Right,LHR-9E483859,"(0,0,0)","(0,0,0)","(-0.0004232248,-0.0007143226,-0.00257066)","(0.02022205,0.9659305,0.3442913)","(-0.5001132,0.4618389,0.5236145,-0.5122691)","(-0.001154774,-0.001435957,0.001225264)",True
227,580,2023-04-06T20:09:22.327406,595,HTC,OpenVR Controller(VIVE Tracker 3.0 MV) - Right,LHR-9E483859,"(0,0,0)","(0,0,0)","(-0.0003907741,-0.001785824,-0.002598711)","(0.0200967,0.966022,0.344374)","(-0.4999906,0.4618708,0.5236925,-0.5122799)","(-0.001421091,-0.0004707509,0.00130934)",True
228,581,2023-04-06T20:09:22.338405,596,HTC,OpenVR Controller(VIVE Tracker 3.0 MV) - Right,LHR-9E483859,"(0,0,0)","(0,0,0)","(-0.0002626361,-0.00187171,-0.0004733865)","(0.0200504,0.9660031,0.344395)","(-0.499963,0.4618888,0.523728,-0.5122545)","(-0.001596914,-0.0008139982,0.001353888)",True
229,582,2023-04-06T20:09:22.350404,597,HTC,OpenVR Controller(VIVE Tracker 3.0 MV) - Right,LHR-9E483859,"(0,0,0)","(0,0,0)","(0.0006839636,0.0003277562,-0.001511489)","(0.02001839,0.9659852,0.3444534)","(-0.499989,0.4619159,0.5236778,-0.5122561)","(-0.001723534,-0.001025705,0.002100056)",True
230,583,2023-04-06T20:09:22.361405,598,HTC,OpenVR Controller(VIVE Tracker 3.0 MV) - Right,LHR-9E483859,"(0,0,0)","(0,0,0)","(0.002992703,-0.001830963,0.0004177923)","(0.01992127,0.9660579,0.3444718)","(-0.4998322,0.4620111,0.5237789,-0.5122199)","(-0.002120104,-0.0002001491,0.001672917)",True
231,584,2023-04-06T20:09:22.372410,599,HTC,OpenVR Controller(VIVE Tracker 3.0 MV) - Right,LHR-9E483859,"(0,0,0)","(0,0,0)","(-0.001351429,-0.0008383864,-0.000344769)","(0.01985052,0.9660497,0.3444834)","(-0.4999004,0.4619574,0.5238084,-0.5121716)","(-0.002544292,-0.0003672595,0.001477574)",True
232,585,2023-04-06T20:09:22.384404,600,HTC,OpenVR Controller(VIVE Tracker 3.0 MV) - Right,LHR-9E483859,"(0,0,0)","(0,0,0)","(0.0007495182,0.0002824239,-0.000428138)","(0.01983617,0.9660484,0.3445074)","(-0.4998918,0.4619955,0.5237685,-0.5121863)","(-0.002450431,-0.0002786522,0.001799627)",True
233,586,2023-04-06T20:09:22.394405,601,HTC,OpenVR Controller(VIVE Tracker 3.0 MV) - Right,LHR-9E483859,"(0,0,0)","(0,0,0)","(-0.0003524669,0.001302843,-0.0003138827)","(0.01990491,0.9661104,0.3443847)","(-0.4998842,0.4618995,0.5238987,-0.5121471)","(-0.001869067,0.0003402524,0.0008772091)",True
234,587,2023-04-06T20:09:22.417404,603,HTC,OpenVR Controller(VIVE Tracker 3.0 MV) - Right,LHR-9E483859,"(0,0,0)","(0,0,0)","(-0.001337421,-0.001915855,-0.0003823199)","(0.01995642,0.9660729,0.3443588)","(-0.499853,0.4618695,0.523933,-0.5121697)","(-0.001412075,-0.0001983059,0.0005881469)",True
235,588,2023-04-06T20:09:22.427406,604,HTC,OpenVR Controller(VIVE Tracker 3.0 MV) - Right,LHR-9E483859,"(0,0,0)","(0,0,0)","(-0.0001734492,-0.0009148218,0.001718588)","(0.02002471,0.9661103,0.3443431)","(-0.499837,0.4618531,0.5239595,-0.5121732)","(-0.001191711,0.0001183749,0.0005588944)",True
236,589,2023-04-06T20:09:22.439404,605,HTC,OpenVR Controller(VIVE Tracker 3.0 MV) - Right,LHR-9E483859,"(0,0,0)","(0,0,0)","(-0.0002641451,0.0001927884,0.0007005049)","(0.02002843,0.9661107,0.3443384)","(-0.4998627,0.4618601,0.5239338,-0.5121679)","(-0.0009367008,8.285654E-05,0.0003337287)",True
237,590,2023-04-06T20:09:22.450406,606,HTC,OpenVR Controller(VIVE Tracker 3.0 MV) - Right,LHR-9E483859,"(0,0,0)","(0,0,0)","(-0.000262719,0.0001935578,0.0007016819)","(0.02010586,0.9660859,0.3442532)","(-0.4998659,0.4618722,0.5239317,-0.512156)","(-0.0003115306,-5.002042E-05,-0.0005319369)",True
238,591,2023-04-06T20:09:22.461405,607,HTC,OpenVR Controller(VIVE Tracker 3.0 MV) - Right,LHR-9E483859,"(0,0,0)","(0,0,0)","(-0.0003616964,-0.0007882793,-0.001469207)","(0.02003116,0.9660913,0.3443491)","(-0.4998418,0.4618378,0.5239043,-0.5122386)","(-0.0006948716,-1.327377E-05,0.0003316047)",True
239,592,2023-04-06T20:09:22.473404,608,HTC,OpenVR Controller(VIVE Tracker 3.0 MV) - Right,LHR-9E483859,"(0,0,0)","(0,0,0)","(0.0008331047,-0.0008394716,0.0005854116)","(0.02023053,0.9660667,0.3442583)","(-0.4998435,0.4618827,0.5238757,-0.5122256)","(0.0003250706,2.957326E-05,0.0002688747)",True
240,593,2023-04-06T20:09:22.490404,609,HTC,OpenVR Controller(VIVE Tracker 3.0 MV) - Right,LHR-9E483859,"(0,0,0)","(0,0,0)","(-0.002380928,0.0001402154,0.0008222673)","(0.02025918,0.966071,0.3442386)","(-0.4998846,0.4618675,0.523898,-0.5121765)","(0.0004940833,0.000233538,3.698947E-05)",True
241,594,2023-04-06T20:09:22.490404,609,HTC,OpenVR Controller(VIVE Tracker 3.0 MV) - Right,LHR-9E483859,"(0,0,0)","(0,0,0)","(-0.002380928,0.0001402154,0.0008222673)","(0.02025918,0.966071,0.3442386)","(-0.4998846,0.4618675,0.523898,-0.5121765)","(0.0004940833,0.000233538,3.698947E-05)",True
242,595,2023-04-06T20:09:22.506404,611,HTC,OpenVR Controller(VIVE Tracker 3.0 MV) - Right,LHR-9E483859,"(0,0,0)","(0,0,0)","(-0.0001652214,-0.0009097014,0.001711505)","(0.02041331,0.9660831,0.3441888)","(-0.4998423,0.4618848,0.5238978,-0.5122024)","(0.001362034,0.0003483183,-0.0003840248)",True
243,596,2023-04-06T20:09:22.517406,612,HTC,OpenVR Controller(VIVE Tracker 3.0 MV) - Right,LHR-9E483859,"(0,0,0)","(0,0,0)","(0.0007813618,0.001289462,0.000673326)","(0.0204114,0.9660848,0.3441842)","(-0.4998719,0.4619052,0.5238513,-0.5122026)","(0.001197773,0.0002329115,-0.0005286687)",True
244,597,2023-04-06T20:09:22.528407,613,HTC,OpenVR Controller(VIVE Tracker 3.0 MV) - Right,LHR-9E483859,"(0,0,0)","(0,0,0)","(0.004016471,-0.0007541415,0.0003935032)","(0.0203729,0.9659666,0.3441419)","(-0.4998305,0.461904,0.5238604,-0.5122348)","(0.000852591,-0.0009731362,-0.0008987026)",True
245,598,2023-04-06T20:09:22.540403,614,HTC,OpenVR Controller(VIVE Tracker 3.0 MV) - Right,LHR-9E483859,"(0,0,0)","(0,0,0)","(0.0008021795,0.0002256326,0.0006300261)","(0.02038711,0.965956,0.3441349)","(-0.4998693,0.4618845,0.5238801,-0.5121944)","(0.0009986114,-0.0009950205,-0.0008518144)",True
246,599,2023-04-06T20:09:22.551404,615,HTC,OpenVR Controller(VIVE Tracker 3.0 MV) - Right,LHR-9E483859,"(0,0,0)","(0,0,0)","(-0.0003275675,0.0002395137,-0.0003704978)","(0.02027182,0.9660066,0.344235)","(-0.4999096,0.4618432,0.5238749,-0.5121976)","(0.0003306974,-0.0004655725,2.12938E-05)",True
247,600,2023-04-06T20:09:22.562404,616,HTC,OpenVR Controller(VIVE Tracker 3.0 MV) - Right,LHR-9E483859,"(0,0,0)","(0,0,0)","(-0.0003769691,0.002369167,-0.0002919421)","(0.0203944,0.9659223,0.344144)","(-0.4999643,0.4618534,0.5237958,-0.5122159)","(0.0006864607,-0.001063662,-0.0006257683)",True
248,601,2023-04-06T20:09:22.583404,618,HTC,OpenVR Controller(VIVE Tracker 3.0 MV) - Right,LHR-9E483859,"(0,0,0)","(0,0,0)","(0.0007878153,-0.001857508,-0.0005359215)","(0.02034044,0.9659488,0.3442327)","(-0.4999256,0.4617892,0.5238322,-0.5122744)","(0.0003714472,-0.0007783347,9.932998E-05)",True
249,602,2023-04-06T20:09:22.595405,619,HTC,OpenVR Controller(VIVE Tracker 3.0 MV) - Right,LHR-9E483859,"(0,0,0)","(0,0,0)","(-0.0002103281,-0.001929042,0.0005936573)","(0.02043791,0.9661121,0.3440813)","(-0.4999043,0.4618011,0.5238715,-0.5122442)","(0.0008037596,0.001106387,-0.001010216)",True
250,603,2023-04-06T20:09:22.606403,620,HTC,OpenVR Controller(VIVE Tracker 3.0 MV) - Right,LHR-9E483859,"(0,0,0)","(0,0,0)","(-0.001234503,-0.0009367896,0.001764726)","(0.02039072,0.9661233,0.3440719)","(-0.4999154,0.4618088,0.5238873,-0.5122102)","(0.0004023657,0.0009980962,-0.001106033)",True
251,604,2023-04-06T20:09:22.617403,621,HTC,OpenVR Controller(VIVE Tracker 3.0 MV) - Right,LHR-9E483859,"(0,0,0)","(0,0,0)","(0.0005779347,0.001419104,-0.002524294)","(0.02034698,0.9661489,0.3441162)","(-0.4999669,0.4617968,0.5237998,-0.5122603)","(0.0002236495,0.001166555,-0.0007444877)",True
252,605,2023-04-06T20:09:22.628405,622,HTC,OpenVR Controller(VIVE Tracker 3.0 MV) - Right,LHR-9E483859,"(0,0,0)","(0,0,0)","(-0.0003039479,-0.0008175304,-0.0004269321)","(0.02046995,0.966037,0.3440444)","(-0.4999689,0.4617918,0.5238221,-0.5122401)","(0.0003760809,0.0001794994,-0.0006500595)",True
253,606,2023-04-06T20:09:22.639402,623,HTC,OpenVR Controller(VIVE Tracker 3.0 MV) - Right,LHR-9E483859,"(0,0,0)","(0,0,0)","(-0.0003945642,0.0002905533,-0.001445434)","(0.02050211,0.9660401,0.3440229)","(-0.4999956,0.4617949,0.523791,-0.512243)","(0.0007228929,0.0001573319,-0.0009621899)",True
254,607,2023-04-06T20:09:22.651404,624,HTC,OpenVR Controller(VIVE Tracker 3.0 MV) - Right,LHR-9E483859,"(0,0,0)","(0,0,0)","(-0.0004720776,0.00348268,-0.001312901)","(0.02044739,0.9660462,0.3441294)","(-0.500044,0.4618204,0.5237552,-0.5122093)","(0.0006137205,2.224294E-05,7.258244E-05)",True
255,608,2023-04-06T20:09:22.662405,625,HTC,OpenVR Controller(VIVE Tracker 3.0 MV) - Right,LHR-9E483859,"(0,0,0)","(0,0,0)","(0.00204315,-0.001947507,0.002593468)","(0.02050597,0.9659277,0.3441133)","(-0.4999032,0.461876,0.5238481,-0.5122017)","(0.0006531284,-0.001256659,0.0002515985)",True
256,609,2023-04-06T20:09:22.673403,626,HTC,OpenVR Controller(VIVE Tracker 3.0 MV) - Right,LHR-9E483859,"(0,0,0)","(0,0,0)","(-0.001444175,0.002352397,-0.000224256)","(0.02051634,0.9659082,0.3440984)","(-0.5000213,0.4618632,0.5237988,-0.5121483)","(0.0007841075,-0.001431069,-0.0001317799)",True
257,610,2023-04-06T20:09:22.684403,627,HTC,OpenVR Controller(VIVE Tracker 3.0 MV) - Right,LHR-9E483859,"(0,0,0)","(0,0,0)","(0.001756203,-0.0007118971,-0.001613335)","(0.02040217,0.9659402,0.3441657)","(-0.4999793,0.4618398,0.5237769,-0.5122328)","(-0.0002432089,-0.001007556,0.0003117687)",True
258,611,2023-04-06T20:09:22.696406,628,HTC,OpenVR Controller(VIVE Tracker 3.0 MV) - Right,LHR-9E483859,"(0,0,0)","(0,0,0)","(0.0007772904,0.001305305,0.0006655875)","(0.02053129,0.9661084,0.3440219)","(-0.4999649,0.4619232,0.5237674,-0.5121815)","(0.0005265028,0.0007020765,-0.001000118)",True
259,612,2023-04-06T20:09:22.706403,629,HTC,OpenVR Controller(VIVE Tracker 3.0 MV) - Right,LHR-9E483859,"(0,0,0)","(0,0,0)","(-0.001400903,-0.001857707,-0.001463717)","(0.02057821,0.966108,0.3439748)","(-0.4999739,0.4618495,0.5237986,-0.5122073)","(0.0005529587,0.000777703,-0.001095455)",True
260,613,2023-04-06T20:09:22.729403,631,HTC,OpenVR Controller(VIVE Tracker 3.0 MV) - Right,LHR-9E483859,"(0,0,0)","(0,0,0)","(-0.0003906289,0.0002950407,-0.001440213)","(0.02043091,0.9658791,0.3440803)","(-0.4999831,0.4618609,0.523782,-0.512205)","(-0.0002517001,-0.001859379,-0.0006357947)",True
261,614,2023-04-06T20:09:22.740404,632,HTC,OpenVR Controller(VIVE Tracker 3.0 MV) - Right,LHR-9E483859,"(0,0,0)","(0,0,0)","(0.0008656671,0.0001944503,0.00168153)","(0.02026063,0.9658979,0.3441701)","(-0.4999411,0.461894,0.523806,-0.5121917)","(-0.001131989,-0.001818721,-4.781935E-05)",True
262,615,2023-04-06T20:09:22.751406,633,HTC,OpenVR Controller(VIVE Tracker 3.0 MV) - Right,LHR-9E483859,"(0,0,0)","(0,0,0)","(0.001874624,-0.002886772,-0.0006398426)","(0.02017841,0.9658882,0.3442746)","(-0.4999052,0.461833,0.523823,-0.5122642)","(-0.001352068,-0.001831335,0.0005343546)",True
263,616,2023-04-06T20:09:22.762405,634,HTC,OpenVR Controller(VIVE Tracker 3.0 MV) - Right,LHR-9E483859,"(0,0,0)","(0,0,0)","(-0.0003508918,0.001315381,-0.0003231113)","(0.02029736,0.9659238,0.3441885)","(-0.4999283,0.4619192,0.5238256,-0.5121613)","(-0.0006920729,-0.001318643,-4.29172E-05)",True
264,617,2023-04-06T20:09:22.773404,635,HTC,OpenVR Controller(VIVE Tracker 3.0 MV) - Right,LHR-9E483859,"(0,0,0)","(0,0,0)","(-0.001350147,0.001243205,0.000804108)","(0.02025248,0.9659213,0.3441865)","(-0.499923,0.4619206,0.5238567,-0.5121332)","(-0.00080441,-0.001132474,-0.0003507521)",True
265,618,2023-04-06T20:09:22.785404,636,HTC,OpenVR Controller(VIVE Tracker 3.0 MV) - Right,LHR-9E483859,"(0,0,0)","(0,0,0)","(-0.0002357623,-0.0008565416,0.0006513947)","(0.02023521,0.9659036,0.3441767)","(-0.4998875,0.4619139,0.5238636,-0.5121672)","(-0.001107196,-0.001202287,-0.0003440114)",True
266,619,2023-04-06T20:09:22.796404,637,HTC,OpenVR Controller(VIVE Tracker 3.0 MV) - Right,LHR-9E483859,"(0,0,0)","(0,0,0)","(-0.002297631,-0.0009538408,0.00184931)","(0.02018782,0.965948,0.3442274)","(-0.4998772,0.4619316,0.5239272,-0.5120962)","(-0.001081715,-0.0008471268,-0.0002989995)",True
267,620,2023-04-06T20:09:22.807405,638,HTC,OpenVR Controller(VIVE Tracker 3.0 MV) - Right,LHR-9E483859,"(0,0,0)","(0,0,0)","(-0.001390609,0.0002235326,-0.000294747)","(0.02014618,0.9659492,0.3442191)","(-0.4999067,0.461926,0.5238866,-0.5121137)","(-0.001360911,-0.0007000145,-0.000447388)",True
268,621,2023-04-06T20:09:22.818405,639,HTC,OpenVR Controller(VIVE Tracker 3.0 MV) - Right,LHR-9E483859,"(0,0,0)","(0,0,0)","(0.0007354984,0.0002799285,-0.0004233019)","(0.020085,0.9659556,0.3442613)","(-0.4998897,0.4619423,0.5238637,-0.5121391)","(-0.001554448,-0.0006196703,-3.953365E-06)",True
269,622,2023-04-06T20:09:22.829405,640,HTC,OpenVR Controller(VIVE Tracker 3.0 MV) - Right,LHR-9E483859,"(0,0,0)","(0,0,0)","(-0.001431959,-0.0007998131,-0.001397028)","(0.01983978,0.9655479,0.3445017)","(-0.4998913,0.4619022,0.5239108,-0.5121256)","(-0.002571138,-0.004685711,0.001519473)",True
270,623,2023-04-06T20:09:22.841404,641,HTC,OpenVR Controller(VIVE Tracker 3.0 MV) - Right,LHR-9E483859,"(0,0,0)","(0,0,0)","(-0.0003296132,0.0002496013,-0.0003538821)","(0.01979442,0.9654961,0.3445384)","(-0.4998835,0.4619315,0.5239018,-0.5121158)","(-0.002696701,-0.004759246,0.001935299)",True
271,624,2023-04-06T20:09:22.852403,642,HTC,OpenVR Controller(VIVE Tracker 3.0 MV) - Right,LHR-9E483859,"(0,0,0)","(0,0,0)","(-0.0013283,0.0001749597,0.0007715379)","(0.01943498,0.9655525,0.3448212)","(-0.4998699,0.4619127,0.5239394,-0.5121077)","(-0.0041993,-0.004127106,0.003193029)",True
272,625,2023-04-06T20:09:22.863404,643,HTC,OpenVR Controller(VIVE Tracker 3.0 MV) - Right,LHR-9E483859,"(0,0,0)","(0,0,0)","(-0.0003311539,0.0002472645,-0.0003499106)","(0.01948771,0.965604,0.3448009)","(-0.4998635,0.4619334,0.5239311,-0.5121037)","(-0.003580025,-0.003159553,0.00295105)",True
273,626,2023-04-06T20:09:22.874408,644,HTC,OpenVR Controller(VIVE Tracker 3.0 MV) - Right,LHR-9E483859,"(0,0,0)","(0,0,0)","(0.001898545,0.001280722,0.001692247)","(0.01942022,0.9655613,0.3448533)","(-0.4998295,0.4619848,0.5239299,-0.5120918)","(-0.003551407,-0.003394018,0.003275545)",True
274,627,2023-04-06T20:09:22.896403,646,HTC,OpenVR Controller(VIVE Tracker 3.0 MV) - Right,LHR-9E483859,"(0,0,0)","(0,0,0)","(0.0008571495,-0.001898308,0.0005564913)","(0.01912323,0.96575,0.3449191)","(-0.499784,0.461937,0.5239183,-0.5121912)","(-0.004696795,-0.0013765,0.002571582)",True
275,628,2023-04-06T20:09:22.907404,647,HTC,OpenVR Controller(VIVE Tracker 3.0 MV) - Right,LHR-9E483859,"(0,0,0)","(0,0,0)","(-0.0003851356,0.000290043,-0.001416836)","(0.01915617,0.9657138,0.3449693)","(-0.4998517,0.4619396,0.5238603,-0.5121821)","(-0.004240457,-0.001601776,0.002780047)",True
276,629,2023-04-06T20:09:22.919404,648,HTC,OpenVR Controller(VIVE Tracker 3.0 MV) - Right,LHR-9E483859,"(0,0,0)","(0,0,0)","(-0.001448732,0.0002628304,-0.001354421)","(0.01894328,0.9657538,0.345079)","(-0.4998682,0.461918,0.5238702,-0.5121754)","(-0.00533728,-0.001155222,0.002796426)",True
277,630,2023-04-06T20:09:22.930404,649,HTC,OpenVR Controller(VIVE Tracker 3.0 MV) - Right,LHR-9E483859,"(0,0,0)","(0,0,0)","(-0.0003197445,0.0002480181,-0.0003539051)","(0.01892073,0.9658117,0.3450926)","(-0.4998373,0.4619478,0.5238743,-0.5121744)","(-0.005104833,-0.0004685495,0.002748071)",True
278,631,2023-04-06T20:09:22.941404,650,HTC,OpenVR Controller(VIVE Tracker 3.0 MV) - Right,LHR-9E483859,"(0,0,0)","(0,0,0)","(-0.0001879478,0.0001642547,0.00177038)","(0.01893851,0.9658045,0.3451505)","(-0.4998168,0.4619871,0.523884,-0.512149)","(-0.00468737,-0.0003632302,0.003369569)",True
279,632,2023-04-06T20:09:22.952405,651,HTC,OpenVR Controller(VIVE Tracker 3.0 MV) - Right,LHR-9E483859,"(0,0,0)","(0,0,0)","(-0.0003215913,0.0002327913,-0.0003530686)","(0.01916213,0.9658043,0.3451363)","(-0.4997841,0.4618829,0.5239393,-0.5122184)","(-0.00331276,-0.00015575,0.003555514)",True
280,633,2023-04-06T20:09:22.963403,652,HTC,OpenVR Controller(VIVE Tracker 3.0 MV) - Right,LHR-9E483859,"(0,0,0)","(0,0,0)","(0.00076731,-0.0007941756,-0.0004718018)","(0.01978895,0.9659672,0.3447783)","(-0.4998362,0.4618827,0.5238558,-0.5122532)","(-0.0005525804,0.001707093,0.00201249)",True
281,634,2023-04-06T20:09:22.975405,653,HTC,OpenVR Controller(VIVE Tracker 3.0 MV) - Right,LHR-9E483859,"(0,0,0)","(0,0,0)","(0.001830475,-0.0007650344,-0.0005361678)","(0.01974041,0.9659954,0.3448124)","(-0.4998262,0.4618983,0.5238352,-0.5122699)","(-0.0007941052,0.001776224,0.002030674)",True
282,635,2023-04-06T20:09:22.986405,654,HTC,OpenVR Controller(VIVE Tracker 3.0 MV) - Right,LHR-9E483859,"(0,0,0)","(0,0,0)","(-0.0002301044,-0.0008639636,0.0006542725)","(0.0197218,0.9660201,0.3448254)","(-0.4998316,0.4618913,0.5238677,-0.5122377)","(-0.001024041,0.001837544,0.001855619)",True
283,636,2023-04-06T20:09:22.997404,655,HTC,OpenVR Controller(VIVE Tracker 3.0 MV) - Right,LHR-9E483859,"(0,0,0)","(0,0,0)","(-0.001291285,-0.0008880761,0.000711049)","(0.01979263,0.9659467,0.3444718)","(-0.4998792,0.4618703,0.5238289,-0.5122499)","(-0.001376125,0.001300591,-0.0005268817)",True
284,637,2023-04-06T20:09:23.008403,656,HTC,OpenVR Controller(VIVE Tracker 3.0 MV) - Right,LHR-9E483859,"(0,0,0)","(0,0,0)","(-0.0003197291,0.0002470421,-0.0003710952)","(0.01973489,0.9659689,0.344454)","(-0.499892,0.4618806,0.5237995,-0.5122581)","(-0.001871987,0.00137969,-0.0007478689)",True
285,638,2023-04-06T20:09:23.019404,657,HTC,OpenVR Controller(VIVE Tracker 3.0 MV) - Right,LHR-9E483859,"(0,0,0)","(0,0,0)","(-0.0002940782,-0.0008168687,-0.0004158423)","(0.01969761,0.9659775,0.3444551)","(-0.4998797,0.4618694,0.5238129,-0.5122666)","(-0.001993963,0.001257697,-0.0007794452)",True
286,639,2023-04-06T20:09:23.030405,658,HTC,OpenVR Controller(VIVE Tracker 3.0 MV) - Right,LHR-9E483859,"(0,0,0)","(0,0,0)","(0.0008035597,0.0002240982,0.000626654)","(0.01986213,0.9657665,0.3443562)","(-0.4998526,0.4618472,0.5238521,-0.512273)","(-0.001319419,-0.0008220131,-0.00113884)",True
287,640,2023-04-06T20:09:23.053403,660,HTC,OpenVR Controller(VIVE Tracker 3.0 MV) - Right,LHR-9E483859,"(0,0,0)","(0,0,0)","(-0.0002361515,-0.0008788561,0.0006445981)","(0.01976513,0.9657929,0.3444558)","(-0.4998236,0.461766,0.5239208,-0.5123041)","(-0.001553629,-0.0005106749,-0.0003002844)",True
288,641,2023-04-06T20:09:23.064403,661,HTC,OpenVR Controller(VIVE Tracker 3.0 MV) - Right,LHR-9E483859,"(0,0,0)","(0,0,0)","(-0.0002635107,0.0001930893,0.0006838842)","(0.02002917,0.9657975,0.3442754)","(-0.4998983,0.4617842,0.5238625,-0.5122745)","(-0.0001929908,-0.0001980308,-0.001250137)",True
289,642,2023-04-06T20:09:23.075403,662,HTC,OpenVR Controller(VIVE Tracker 3.0 MV) - Right,LHR-9E483859,"(0,0,0)","(0,0,0)","(-0.0002118949,-0.001934225,0.0005951707)","(0.0200395,0.9657937,0.344266)","(-0.4998725,0.4617648,0.5238844,-0.5122948)","(-9.507955E-05,-0.000172265,-0.001162017)",True
290,643,2023-04-06T20:09:23.086402,663,HTC,OpenVR Controller(VIVE Tracker 3.0 MV) - Right,LHR-9E483859,"(0,0,0)","(0,0,0)","(-0.0001996154,0.000151033,0.00174414)","(0.01993735,0.9658255,0.3442995)","(-0.4998902,0.4617848,0.5238704,-0.5122738)","(-0.0007671212,2.418124E-05,-0.001156611)",True
291,644,2023-04-06T20:09:23.097403,664,HTC,OpenVR Controller(VIVE Tracker 3.0 MV) - Right,LHR-9E483859,"(0,0,0)","(0,0,0)","(-0.0002413834,-0.0008760143,0.0006373708)","(0.01989645,0.9658377,0.3443824)","(-0.4998754,0.4617305,0.5239019,-0.5123049)","(-0.0006699032,5.145743E-05,-0.0006232637)",True
292,645,2023-04-06T20:09:23.109406,665,HTC,OpenVR Controller(VIVE Tracker 3.0 MV) - Right,LHR-9E483859,"(0,0,0)","(0,0,0)","(0.0006258328,-0.0007109026,-0.002618126)","(0.02013733,0.9657903,0.3442372)","(-0.4999426,0.4617186,0.5238081,-0.5123461)","(0.0001659528,-7.97304E-06,-0.0009605597)",True
293,646,2023-04-06T20:09:23.120403,666,HTC,OpenVR Controller(VIVE Tracker 3.0 MV) - Right,LHR-9E483859,"(0,0,0)","(0,0,0)","(-0.002342084,-0.001989146,0.0007156538)","(0.02005557,0.9658177,0.3442658)","(-0.4999419,0.4616941,0.5238871,-0.512288)","(-0.0004459932,0.0002303255,-0.0008369788)",True
294,647,2023-04-06T20:09:23.131404,667,HTC,OpenVR Controller(VIVE Tracker 3.0 MV) - Right,LHR-9E483859,"(0,0,0)","(0,0,0)","(-0.002398285,0.0001393547,0.0008025237)","(0.02022147,0.9657696,0.3442684)","(-0.4999897,0.4616934,0.5238776,-0.5122518)","(0.0004538413,-0.0001186243,-0.0003011618)",True
295,648,2023-04-06T20:09:23.142404,668,HTC,OpenVR Controller(VIVE Tracker 3.0 MV) - Right,LHR-9E483859,"(0,0,0)","(0,0,0)","(-0.0001820234,-0.0009088404,0.001689434)","(0.020152,0.9658034,0.3443317)","(-0.499966,0.4617064,0.5238672,-0.5122738)","(-1.511298E-05,8.303489E-05,0.0001034617)",True
296,649,2023-04-06T20:09:23.153403,669,HTC,OpenVR Controller(VIVE Tracker 3.0 MV) - Right,LHR-9E483859,"(0,0,0)","(0,0,0)","(0.001673809,-0.0006872696,-0.002687271)","(0.02005579,0.9658244,0.3443767)","(-0.4999844,0.4616204,0.5238568,-0.5123441)","(-0.0005148186,0.0001740391,0.0002973283)",True
297,650,2023-04-06T20:09:23.164404,670,HTC,OpenVR Controller(VIVE Tracker 3.0 MV) - Right,LHR-9E483859,"(0,0,0)","(0,0,0)","(-0.0003470616,0.0002403149,-0.0003919717)","(0.02027733,0.9658033,0.3442218)","(-0.5000372,0.4616498,0.5238479,-0.5122749)","(0.000342348,0.0001789528,-0.0005861782)",True
298,651,2023-04-06T20:09:23.176404,671,HTC,OpenVR Controller(VIVE Tracker 3.0 MV) - Right,LHR-9E483859,"(0,0,0)","(0,0,0)","(0.001804292,-0.0007634268,-0.0005680991)","(0.02022551,0.9658352,0.344305)","(-0.5000303,0.4616534,0.5238165,-0.5123107)","(0.0001231861,0.000294933,0.0001467729)",True
299,652,2023-04-06T20:09:23.187404,672,HTC,OpenVR Controller(VIVE Tracker 3.0 MV) - Right,LHR-9E483859,"(0,0,0)","(0,0,0)","(-0.000189109,-0.0009066958,0.001683555)","(0.02010067,0.9658539,0.3442953)","(-0.5000235,0.461658,0.5238492,-0.5122796)","(-0.0008856302,0.0004099979,-1.706184E-05)",True
300,653,2023-04-06T20:09:23.198403,673,HTC,OpenVR Controller(VIVE Tracker 3.0 MV) - Right,LHR-9E483859,"(0,0,0)","(0,0,0)","(0.001832648,-0.001819267,-0.0006123447)","(0.02028168,0.9657294,0.3441719)","(-0.50004,0.4616947,0.5237852,-0.5122959)","(-0.0002866047,-0.0006144292,-0.000571898)",True
301,654,2023-04-06T20:09:23.220404,675,HTC,OpenVR Controller(VIVE Tracker 3.0 MV) - Right,LHR-9E483859,"(0,0,0)","(0,0,0)","(-0.002671467,0.0003168631,-0.0034527)","(0.02026652,0.9657045,0.3442169)","(-0.5001338,0.4615865,0.5238222,-0.512264)","(-9.380674E-05,-0.0008993486,-0.000205768)",True
302,655,2023-04-06T20:09:23.231402,676,HTC,OpenVR Controller(VIVE Tracker 3.0 MV) - Right,LHR-9E483859,"(0,0,0)","(0,0,0)","(0.001998267,-0.0008832888,0.002627586)","(0.02046985,0.9657238,0.3440737)","(-0.5000045,0.46175,0.5238568,-0.5122076)","(0.0007870528,-0.0004574429,-0.000953613)",True
303,656,2023-04-06T20:09:23.243403,677,HTC,OpenVR Controller(VIVE Tracker 3.0 MV) - Right,LHR-9E483859,"(0,0,0)","(0,0,0)","(0.0007903809,-0.002910723,-0.0005877028)","(0.02035765,0.9657724,0.34415)","(-0.5000407,0.4616637,0.523845,-0.512262)","(0.0001016537,-5.134366E-05,-0.0003366432)",True
304,657,2023-04-06T20:09:23.254409,678,HTC,OpenVR Controller(VIVE Tracker 3.0 MV) - Right,LHR-9E483859,"(0,0,0)","(0,0,0)","(0.0008947854,-0.00193505,0.001580862)","(0.02025395,0.9657803,0.3442035)","(-0.5000185,0.4616799,0.5238729,-0.5122405)","(-0.000685804,-0.0001128704,1.325963E-05)",True
305,658,2023-04-06T20:09:23.265403,679,HTC,OpenVR Controller(VIVE Tracker 3.0 MV) - Right,LHR-9E483859,"(0,0,0)","(0,0,0)","(-0.001387449,-0.0008366654,-0.0003691141)","(0.02041727,0.9657338,0.3440906)","(-0.5000817,0.4616782,0.5238519,-0.5122019)","(3.921091E-05,-0.0004330402,-0.0005880454)",True
306,659,2023-04-06T20:09:23.276404,680,HTC,OpenVR Controller(VIVE Tracker 3.0 MV) - Right,LHR-9E483859,"(0,0,0)","(0,0,0)","(-0.002491302,-0.001886279,-0.001414528)","(0.02028291,0.9657791,0.3441806)","(-0.5001065,0.461622,0.5238642,-0.5122158)","(-0.0007052927,-1.329764E-05,0.0001868105)",True
307,660,2023-04-06T20:09:23.287405,681,HTC,OpenVR Controller(VIVE Tracker 3.0 MV) - Right,LHR-9E483859,"(0,0,0)","(0,0,0)","(-0.0003581746,0.0002577255,-0.000390574)","(0.02017699,0.9658076,0.3443331)","(-0.5001311,0.4616624,0.5238407,-0.5121793)","(-0.001043153,0.0001664087,0.001207968)",True
308,661,2023-04-06T20:09:23.299404,682,HTC,OpenVR Controller(VIVE Tracker 3.0 MV) - Right,LHR-9E483859,"(0,0,0)","(0,0,0)","(-0.001419531,0.0002340636,-0.0003301075)","(0.0203774,0.9657648,0.3442223)","(-0.5001666,0.461665,0.5238143,-0.5121694)","(-8.165545E-05,3.790089E-05,0.0006392614)",True
309,662,2023-04-06T20:09:23.310403,683,HTC,OpenVR Controller(VIVE Tracker 3.0 MV) - Right,LHR-9E483859,"(0,0,0)","(0,0,0)","(0.0007444981,0.001312758,0.0006479073)","(0.02031067,0.9658125,0.3442906)","(-0.5001567,0.4617014,0.5237884,-0.5121726)","(-0.0002895558,0.0006506866,0.001162375)",True
310,663,2023-04-06T20:09:23.321403,684,HTC,OpenVR Controller(VIVE Tracker 3.0 MV) - Right,LHR-9E483859,"(0,0,0)","(0,0,0)","(0.002920519,-0.000757815,0.0004298841)","(0.02018706,0.9658394,0.3442967)","(-0.5001135,0.4616964,0.5237879,-0.5122199)","(-0.0008546452,0.000747529,0.0008197781)",True
311,664,2023-04-06T20:09:23.332405,685,HTC,OpenVR Controller(VIVE Tracker 3.0 MV) - Right,LHR-9E483859,"(0,0,0)","(0,0,0)","(0.0008860024,-0.001916901,0.001577358)","(0.02031532,0.9657497,0.3442)","(-0.5001288,0.4617045,0.5238169,-0.512168)","(-0.0007488502,2.007501E-05,0.000375854)",True
312,665,2023-04-06T20:09:23.343403,686,HTC,OpenVR Controller(VIVE Tracker 3.0 MV) - Right,LHR-9E483859,"(0,0,0)","(0,0,0)","(-0.001449284,0.001304066,-0.0002871402)","(0.02022416,0.9657809,0.3442521)","(-0.5002117,0.4616857,0.5237772,-0.5121446)","(-0.001136612,0.0001616943,0.0004471479)",True
313,666,2023-04-06T20:09:23.354403,687,HTC,OpenVR Controller(VIVE Tracker 3.0 MV) - Right,LHR-9E483859,"(0,0,0)","(0,0,0)","(-0.001396054,-0.0008299238,-0.0003774893)","(0.02008622,0.9657992,0.3442828)","(-0.5001665,0.4616367,0.5238181,-0.5121909)","(-0.002137832,0.0002906008,0.0005199185)",True
314,667,2023-04-06T20:09:23.376403,689,HTC,OpenVR Controller(VIVE Tracker 3.0 MV) - Right,LHR-9E483859,"(0,0,0)","(0,0,0)","(-0.0001621109,0.0001400075,0.002791419)","(0.02025976,0.9657938,0.3441814)","(-0.5001447,0.4617313,0.5238063,-0.5121391)","(-0.001232484,0.0002786745,0.0003169108)",True
315,668,2023-04-06T20:09:23.388403,690,HTC,OpenVR Controller(VIVE Tracker 3.0 MV) - Right,LHR-9E483859,"(0,0,0)","(0,0,0)","(-0.001488357,0.0002796554,-0.001394256)","(0.02017974,0.9658152,0.3443066)","(-0.5001945,0.4616434,0.5238006,-0.5121755)","(-0.001351136,0.000342372,0.001075121)",True
316,669,2023-04-06T20:09:23.399403,691,HTC,OpenVR Controller(VIVE Tracker 3.0 MV) - Right,LHR-9E483859,"(0,0,0)","(0,0,0)","(0.0007660708,0.0002606886,0.0006021509)","(0.02041986,0.9656976,0.3441717)","(-0.5001963,0.4617236,0.5237667,-0.5121363)","(-0.0002044428,-0.0005597479,0.0004308368)",True
317,670,2023-04-06T20:09:23.410405,692,HTC,OpenVR Controller(VIVE Tracker 3.0 MV) - Right,LHR-9E483859,"(0,0,0)","(0,0,0)","(-0.0002328913,0.0001886392,0.001726879)","(0.02035086,0.9657289,0.3442253)","(-0.5001996,0.4617147,0.5237774,-0.51213)","(-0.0004351487,-0.0002654283,0.000671806)",True
318,671,2023-04-06T20:09:23.422404,693,HTC,OpenVR Controller(VIVE Tracker 3.0 MV) - Right,LHR-9E483859,"(0,0,0)","(0,0,0)","(-0.001386567,0.001267386,0.000778264)","(0.02044979,0.9657507,0.3441443)","(-0.5002106,0.4617272,0.5237902,-0.5120948)","(0.0001003246,-9.033065E-07,0.0001271978)",True
319,672,2023-04-06T20:09:23.432403,694,HTC,OpenVR Controller(VIVE Tracker 3.0 MV) - Right,LHR-9E483859,"(0,0,0)","(0,0,0)","(-0.001489619,0.0002909944,-0.001391746)","(0.02046963,0.9657478,0.3441614)","(-0.5002317,0.4616975,0.5237697,-0.5121222)","(0.0001616103,-3.086134E-05,0.0004381317)",True
320,673,2023-04-06T20:09:23.444406,695,HTC,OpenVR Controller(VIVE Tracker 3.0 MV) - Right,LHR-9E483859,"(0,0,0)","(0,0,0)","(0.0007532856,-0.001822649,-0.0005470638)","(0.02043342,0.965748,0.3441921)","(-0.5001798,0.4617013,0.5237797,-0.512159)","(-0.0002093122,-0.0001837422,0.000707641)",True
321,674,2023-04-06T20:09:23.455403,696,HTC,OpenVR Controller(VIVE Tracker 3.0 MV) - Right,LHR-9E483859,"(0,0,0)","(0,0,0)","(0.0007929179,-0.0008057937,0.0005591207)","(0.02031211,0.9657531,0.3442385)","(-0.5001602,0.461711,0.523791,-0.512158)","(-0.0007660034,-0.0003021407,0.0009051791)",True
322,675,2023-04-06T20:09:23.466403,697,HTC,OpenVR Controller(VIVE Tracker 3.0 MV) - Right,LHR-9E483859,"(0,0,0)","(0,0,0)","(0.0007160316,0.002392943,0.0006983033)","(0.02047684,0.9656833,0.3441568)","(-0.5001936,0.4618002,0.5237469,-0.51209)","(5.194663E-06,-0.0006031268,0.0007793441)",True
323,676,2023-04-06T20:09:23.477404,698,HTC,OpenVR Controller(VIVE Tracker 3.0 MV) - Right,LHR-9E483859,"(0,0,0)","(0,0,0)","(0.0007025562,0.0003079596,-0.0004553337)","(0.02037062,0.965699,0.3442257)","(-0.5001934,0.4617573,0.523749,-0.5121267)","(-0.0008574852,-0.0005556948,0.001141715)",True
324,677,2023-04-06T20:09:23.488405,699,HTC,OpenVR Controller(VIVE Tracker 3.0 MV) - Right,LHR-9E483859,"(0,0,0)","(0,0,0)","(0.002821133,0.0003638261,-0.0005818401)","(0.02023744,0.9657182,0.3443183)","(-0.5001857,0.4617512,0.5237569,-0.5121318)","(-0.001454505,-0.0004405864,0.001516278)",True
325,678,2023-04-06T20:09:23.500404,700,HTC,OpenVR Controller(VIVE Tracker 3.0 MV) - Right,LHR-9E483859,"(0,0,0)","(0,0,0)","(-0.0003539469,0.002369482,0.0007661456)","(0.02045202,0.9657209,0.3442182)","(-0.5002449,0.4617963,0.5237647,-0.5120251)","(-0.0003668724,-0.0001514856,0.001324931)",True
326,679,2023-04-06T20:09:23.511404,701,HTC,OpenVR Controller(VIVE Tracker 3.0 MV) - Right,LHR-9E483859,"(0,0,0)","(0,0,0)","(-0.0004704998,-0.0006928824,-0.002557301)","(0.02035449,0.9657701,0.3442711)","(-0.5002537,0.4617253,0.5237536,-0.5120919)","(-0.001179378,0.00049743,0.001437523)",True
327,680,2023-04-06T20:09:23.522404,702,HTC,OpenVR Controller(VIVE Tracker 3.0 MV) - Right,LHR-9E483859,"(0,0,0)","(0,0,0)","(0.00163024,0.0004230788,-0.002640521)","(0.02022529,0.9657882,0.3442756)","(-0.5002218,0.4617283,0.5237322,-0.5121422)","(-0.001829302,0.0005315823,0.0009407335)",True
328,681,2023-04-06T20:09:23.544402,704,HTC,OpenVR Controller(VIVE Tracker 3.0 MV) - Right,LHR-9E483859,"(0,0,0)","(0,0,0)","(-0.000249568,-0.00188854,0.0005827835)","(0.02027096,0.9658097,0.3441906)","(-0.5002054,0.4617318,0.5237917,-0.5120943)","(-0.001828253,0.0006147007,0.0003030631)",True
329,682,2023-04-06T20:09:23.558406,705,HTC,OpenVR Controller(VIVE Tracker 3.0 MV) - Right,LHR-9E483859,"(0,0,0)","(0,0,0)","(0.002787616,0.001431616,-0.0005341342)","(0.02015829,0.9658291,0.3442963)","(-0.5002443,0.4617544,0.5237548,-0.5120736)","(-0.002224225,0.0004919407,0.0009079239)",True
330,683,2023-04-06T20:09:23.558406,705,HTC,OpenVR Controller(VIVE Tracker 3.0 MV) - Right,LHR-9E483859,"(0,0,0)","(0,0,0)","(0.002787616,0.001431616,-0.0005341342)","(0.02015829,0.9658291,0.3442963)","(-0.5002443,0.4617544,0.5237548,-0.5120736)","(-0.002224225,0.0004919407,0.0009079239)",True
331,684,2023-04-06T20:09:23.577404,707,HTC,OpenVR Controller(VIVE Tracker 3.0 MV) - Right,LHR-9E483859,"(0,0,0)","(0,0,0)","(0.0007776365,-0.0007922927,0.0005620331)","(0.02025027,0.965747,0.3442118)","(-0.5002674,0.4617156,0.5237828,-0.5120574)","(-0.001667188,-0.0002137371,0.0002812827)",True
332,685,2023-04-06T20:09:23.588403,708,HTC,OpenVR Controller(VIVE Tracker 3.0 MV) - Right,LHR-9E483859,"(0,0,0)","(0,0,0)","(0.001750433,0.0003398862,-0.000517706)","(0.0203317,0.9657684,0.3441929)","(-0.5002553,0.4617221,0.5237646,-0.5120819)","(-0.001125068,0.0002037803,0.0002584339)",True
333,686,2023-04-06T20:09:23.600403,709,HTC,OpenVR Controller(VIVE Tracker 3.0 MV) - Right,LHR-9E483859,"(0,0,0)","(0,0,0)","(-0.001347253,-0.00085284,0.000690206)","(0.02034105,0.9657469,0.3441817)","(-0.5002677,0.461687,0.52382,-0.5120448)","(-0.0009094503,-0.0002309651,-2.558156E-05)",True
334,687,2023-04-06T20:09:23.611403,710,HTC,OpenVR Controller(VIVE Tracker 3.0 MV) - Right,LHR-9E483859,"(0,0,0)","(0,0,0)","(0.0007782011,-0.00079513,0.0005615118)","(0.0202454,0.965766,0.3442256)","(-0.5002482,0.461711,0.5237909,-0.512072)","(-0.001320309,-0.0002830542,-5.332864E-05)",True
335,688,2023-04-06T20:09:23.622404,711,HTC,OpenVR Controller(VIVE Tracker 3.0 MV) - Right,LHR-9E483859,"(0,0,0)","(0,0,0)","(-0.0004118796,-0.0007302999,-0.001500121)","(0.02039717,0.9657299,0.3441313)","(-0.5003049,0.4617115,0.5237393,-0.512069)","(-0.000322162,-0.0006314158,-0.0003802491)",True
