,Unnamed: 0,imu,server_time,arduino_time,ax,ay,az,gx,gy,gz,mx,my,mz
23100,3994,0,2023-03-01T18:51:54.534295,1704057,1416,1808,-551,-1174,-768,-303,-58,152,-246
23101,3995,0,2023-03-01T18:51:54.541426,1704065,1416,1808,-551,-1174,-768,-303,-58,152,-246
23102,3996,0,2023-03-01T18:51:54.546137,1704069,1416,1808,-551,-1174,-768,-303,-58,152,-246
23103,3997,0,2023-03-01T18:51:54.551884,1704075,1417,1810,-559,-1175,-776,-292,-58,152,-246
23104,3998,0,2023-03-01T18:51:54.558082,1704081,1417,1810,-559,-1175,-776,-292,-58,152,-246
23105,3999,0,2023-03-01T18:51:54.563122,1704086,1417,1810,-559,-1175,-776,-292,-58,152,-246
23106,4000,0,2023-03-01T18:51:54.568165,1704091,1417,1810,-559,-1175,-776,-292,-58,152,-246
23107,4001,0,2023-03-01T18:51:54.573613,1704096,1419,1811,-563,-1181,-778,-292,-58,152,-246
23108,4002,0,2023-03-01T18:51:54.579913,1704102,1419,1811,-563,-1181,-778,-292,-58,152,-246
23109,4003,0,2023-03-01T18:51:54.585272,1704108,1419,1811,-563,-1181,-778,-292,-58,152,-246
23110,4004,0,2023-03-01T18:51:54.590386,1704113,1419,1811,-563,-1181,-778,-292,-58,152,-246
23111,4005,0,2023-03-01T18:51:54.597039,1704120,1416,1807,-557,-1181,-787,-303,-63,151,-251
23112,4006,0,2023-03-01T18:51:54.602851,1704125,1416,1807,-557,-1181,-787,-303,-63,151,-251
23113,4007,0,2023-03-01T18:51:54.608173,1704131,1416,1807,-557,-1181,-787,-303,-63,151,-251
23114,4008,0,2023-03-01T18:51:54.613820,1704136,1416,1807,-557,-1181,-787,-303,-63,151,-251
23115,4009,0,2023-03-01T18:51:54.618363,1704141,1416,1807,-557,-1181,-787,-303,-63,151,-251
23116,4010,0,2023-03-01T18:51:54.623363,1704146,1416,1807,-557,-1181,-787,-303,-63,151,-251
23117,4011,0,2023-03-01T18:51:54.628541,1704152,1416,1807,-557,-1181,-787,-303,-63,151,-251
23118,4012,0,2023-03-01T18:51:54.635511,1704158,1417,1807,-556,-1190,-775,-302,-63,151,-251
23119,4013,0,2023-03-01T18:51:54.641388,1704164,1417,1807,-556,-1190,-775,-302,-63,151,-251
23120,4014,0,2023-03-01T18:51:54.646230,1704169,1417,1807,-556,-1190,-775,-302,-63,151,-251
23121,4015,0,2023-03-01T18:51:54.651970,1704174,1411,1807,-552,-1189,-785,-301,-63,151,-251
23122,4016,0,2023-03-01T18:51:54.657939,1704181,1411,1807,-552,-1189,-785,-301,-63,151,-251
23123,4017,0,2023-03-01T18:51:54.662739,1704185,1411,1807,-552,-1189,-785,-301,-63,151,-251
23124,4018,0,2023-03-01T18:51:54.667797,1704190,1411,1807,-552,-1189,-785,-301,-63,151,-251
23125,4019,0,2023-03-01T18:51:54.673404,1704197,1417,1812,-556,-1180,-777,-299,-63,151,-251
23126,4020,0,2023-03-01T18:51:54.679449,1704202,1417,1812,-556,-1180,-777,-299,-63,151,-251
23127,4021,0,2023-03-01T18:51:54.684260,1704207,1417,1812,-556,-1180,-777,-299,-63,151,-251
23128,4022,0,2023-03-01T18:51:54.688974,1704212,1417,1812,-556,-1180,-777,-299,-63,151,-251
23129,4023,0,2023-03-01T18:51:54.694089,1704216,1417,1812,-556,-1180,-777,-299,-63,151,-251
23130,4024,0,2023-03-01T18:51:54.699762,1704222,1417,1812,-556,-1180,-777,-299,-63,151,-251
23131,4025,0,2023-03-01T18:51:54.704906,1704227,1417,1812,-556,-1180,-777,-299,-63,151,-251
23132,4026,0,2023-03-01T18:51:54.710052,1704232,1417,1812,-556,-1180,-777,-299,-63,151,-251
23133,4027,0,2023-03-01T18:51:54.716514,1704240,1417,1807,-562,-1178,-773,-294,-63,151,-251
23134,4028,0,2023-03-01T18:51:54.722040,1704245,1417,1807,-562,-1178,-773,-294,-63,151,-251
23135,4029,0,2023-03-01T18:51:54.727404,1704250,1417,1807,-562,-1178,-773,-294,-63,151,-251
23136,4030,0,2023-03-01T18:51:54.733267,1704256,1416,1814,-557,-1170,-775,-300,-64,156,-250
23137,4031,0,2023-03-01T18:51:54.739638,1704262,1416,1814,-557,-1170,-775,-300,-64,156,-250
23138,4032,0,2023-03-01T18:51:54.744301,1704267,1416,1814,-557,-1170,-775,-300,-64,156,-250
23139,4033,0,2023-03-01T18:51:54.749032,1704271,1416,1814,-557,-1170,-775,-300,-64,156,-250
23140,4034,0,2023-03-01T18:51:54.754664,1704278,1416,1809,-551,-1181,-768,-293,-64,156,-250
23141,4035,0,2023-03-01T18:51:54.761039,1704284,1416,1809,-551,-1181,-768,-293,-64,156,-250
23142,4036,0,2023-03-01T18:51:54.766263,1704289,1416,1809,-551,-1181,-768,-293,-64,156,-250
23143,4037,0,2023-03-01T18:51:54.771907,1704295,1414,1809,-560,-1188,-770,-299,-64,156,-250
23144,4038,0,2023-03-01T18:51:54.778283,1704301,1414,1809,-560,-1188,-770,-299,-64,156,-250
23145,4039,0,2023-03-01T18:51:54.783766,1704306,1414,1809,-560,-1188,-770,-299,-64,156,-250
23146,4040,0,2023-03-01T18:51:54.789288,1704312,1414,1809,-560,-1188,-770,-299,-64,156,-250
23147,4041,0,2023-03-01T18:51:54.794912,1704317,1416,1808,-558,-1175,-770,-300,-64,156,-250
23148,4042,0,2023-03-01T18:51:54.800544,1704324,1416,1808,-558,-1175,-770,-300,-64,156,-250
23149,4043,0,2023-03-01T18:51:54.805473,1704328,1416,1808,-558,-1175,-770,-300,-64,156,-250
23150,4044,0,2023-03-01T18:51:54.810297,1704333,1416,1808,-558,-1175,-770,-300,-64,156,-250
23151,4045,0,2023-03-01T18:51:54.816231,1704339,1418,1812,-558,-1167,-759,-305,-64,156,-250
23152,4046,0,2023-03-01T18:51:54.821946,1704345,1418,1812,-558,-1167,-759,-305,-64,156,-250
23153,4047,0,2023-03-01T18:51:54.826610,1704349,1418,1812,-558,-1167,-759,-305,-64,156,-250
23154,4048,0,2023-03-01T18:51:54.832026,1704354,1418,1809,-555,-1176,-771,-305,-64,156,-250
23155,4049,0,2023-03-01T18:51:54.838272,1704360,1418,1809,-555,-1176,-771,-305,-64,156,-250
23156,4050,0,2023-03-01T18:51:54.842818,1704366,1418,1809,-555,-1176,-771,-305,-64,156,-250
23157,4051,0,2023-03-01T18:51:54.847410,1704371,1418,1809,-555,-1176,-771,-305,-64,156,-250
23158,4052,0,2023-03-01T18:51:54.852282,1704375,1415,1811,-553,-1177,-766,-305,-56,150,-250
23159,4053,0,2023-03-01T18:51:54.857568,1704381,1415,1811,-553,-1177,-766,-305,-56,150,-250
23160,4054,0,2023-03-01T18:51:54.862459,1704385,1415,1811,-553,-1177,-766,-305,-56,150,-250
23161,4055,0,2023-03-01T18:51:54.867099,1704390,1415,1811,-553,-1177,-766,-305,-56,150,-250
23162,4056,0,2023-03-01T18:51:54.872385,1704395,1417,1809,-557,-1171,-769,-308,-56,150,-250
23163,4057,0,2023-03-01T18:51:54.877890,1704400,1417,1809,-557,-1171,-769,-308,-56,150,-250
23164,4058,0,2023-03-01T18:51:54.882929,1704406,1417,1809,-557,-1171,-769,-308,-56,150,-250
23165,4059,0,2023-03-01T18:51:54.888005,1704411,1417,1809,-557,-1171,-769,-308,-56,150,-250
23166,4060,0,2023-03-01T18:51:54.893919,1704417,1419,1809,-557,-1169,-773,-304,-56,150,-250
23167,4061,0,2023-03-01T18:51:54.899150,1704422,1419,1809,-557,-1169,-773,-304,-56,150,-250
23168,4062,0,2023-03-01T18:51:54.904059,1704427,1419,1809,-557,-1169,-773,-304,-56,150,-250
23169,4063,0,2023-03-01T18:51:54.908861,1704431,1419,1809,-557,-1169,-773,-304,-56,150,-250
23170,4064,0,2023-03-01T18:51:54.914770,1704437,1417,1807,-561,-1167,-776,-300,-56,150,-250
23171,4065,0,2023-03-01T18:51:54.920100,1704442,1417,1807,-561,-1167,-776,-300,-56,150,-250
23172,4066,0,2023-03-01T18:51:54.925308,1704448,1417,1807,-561,-1167,-776,-300,-56,150,-250
23173,4067,0,2023-03-01T18:51:54.929911,1704453,1417,1807,-561,-1167,-776,-300,-56,150,-250
23174,4068,0,2023-03-01T18:51:54.935944,1704459,1416,1809,-564,-1178,-783,-306,-56,150,-250
23175,4069,0,2023-03-01T18:51:54.941524,1704464,1416,1809,-564,-1178,-783,-306,-56,150,-250
23176,4070,0,2023-03-01T18:51:54.946408,1704469,1416,1809,-564,-1178,-783,-306,-56,150,-250
23177,4071,0,2023-03-01T18:51:54.952274,1704475,1416,1810,-558,-1165,-768,-303,-56,150,-250
23178,4072,0,2023-03-01T18:51:54.958633,1704481,1416,1810,-558,-1165,-768,-303,-56,150,-250
23179,4073,0,2023-03-01T18:51:54.963533,1704486,1416,1810,-558,-1165,-768,-303,-56,150,-250
23180,4074,0,2023-03-01T18:51:54.968404,1704492,1416,1810,-558,-1165,-768,-303,-56,150,-250
23181,4075,0,2023-03-01T18:51:54.973479,1704497,1420,1809,-559,-1180,-776,-302,-57,149,-241
23182,4076,0,2023-03-01T18:51:54.979887,1704503,1420,1809,-559,-1180,-776,-302,-57,149,-241
23183,4077,0,2023-03-01T18:51:54.984685,1704508,1420,1809,-559,-1180,-776,-302,-57,149,-241
23184,4078,0,2023-03-01T18:51:54.989300,1704512,1420,1809,-559,-1180,-776,-302,-57,149,-241
23185,4079,0,2023-03-01T18:51:54.995178,1704517,1414,1809,-559,-1179,-776,-303,-57,149,-241
23186,4080,0,2023-03-01T18:51:55.001196,1704523,1414,1809,-559,-1179,-776,-303,-57,149,-241
23187,4081,0,2023-03-01T18:51:55.006118,1704528,1414,1809,-559,-1179,-776,-303,-57,149,-241
23188,4082,0,2023-03-01T18:51:55.012022,1704535,1417,1809,-559,-1174,-772,-301,-57,149,-241
23189,4083,0,2023-03-01T18:51:55.018368,1704541,1417,1809,-559,-1174,-772,-301,-57,149,-241
23190,4084,0,2023-03-01T18:51:55.023460,1704546,1417,1809,-559,-1174,-772,-301,-57,149,-241
23191,4085,0,2023-03-01T18:51:55.028544,1704551,1417,1809,-559,-1174,-772,-301,-57,149,-241
23192,4086,0,2023-03-01T18:51:55.034707,1704557,1417,1813,-557,-1167,-775,-304,-57,149,-241
23193,4087,0,2023-03-01T18:51:55.039465,1704562,1417,1813,-557,-1167,-775,-304,-57,149,-241
23194,4088,0,2023-03-01T18:51:55.044272,1704567,1417,1813,-557,-1167,-775,-304,-57,149,-241
23195,4089,0,2023-03-01T18:51:55.048716,1704571,1417,1813,-557,-1167,-775,-304,-57,149,-241
23196,4090,0,2023-03-01T18:51:55.054824,1704578,1413,1808,-562,-1179,-777,-297,-57,149,-241
23197,4091,0,2023-03-01T18:51:55.061307,1704584,1413,1808,-562,-1179,-777,-297,-57,149,-241
23198,4092,0,2023-03-01T18:51:55.066245,1704589,1413,1808,-562,-1179,-777,-297,-57,149,-241
23199,4093,0,2023-03-01T18:51:55.071520,1704594,1416,1808,-557,-1176,-784,-302,-57,149,-241
23200,4094,0,2023-03-01T18:51:55.077649,1704600,1416,1808,-557,-1176,-784,-302,-57,149,-241
23201,4095,0,2023-03-01T18:51:55.082777,1704605,1416,1808,-557,-1176,-784,-302,-57,149,-241
23202,4096,0,2023-03-01T18:51:55.087838,1704610,1416,1808,-557,-1176,-784,-302,-57,149,-241
23203,4097,0,2023-03-01T18:51:55.093397,1704616,1420,1816,-565,-1177,-781,-304,-57,149,-241
23204,4098,0,2023-03-01T18:51:55.098945,1704622,1420,1816,-565,-1177,-781,-304,-57,149,-241
23205,4099,0,2023-03-01T18:51:55.103975,1704627,1420,1816,-565,-1177,-781,-304,-57,149,-241
23206,4100,0,2023-03-01T18:51:55.109046,1704632,1420,1816,-565,-1177,-781,-304,-57,149,-241
23207,4101,0,2023-03-01T18:51:55.115429,1704637,1416,1808,-559,-1178,-773,-300,-56,150,-242
23208,4102,0,2023-03-01T18:51:55.122498,1704645,1416,1808,-559,-1178,-773,-300,-56,150,-242
23209,4103,0,2023-03-01T18:51:55.127533,1704650,1416,1808,-559,-1178,-773,-300,-56,150,-242
23210,4104,0,2023-03-01T18:51:55.132959,1704655,1419,1814,-559,-1178,-779,-299,-56,150,-242
23211,4105,0,2023-03-01T18:51:55.138985,1704662,1419,1814,-559,-1178,-779,-299,-56,150,-242
23212,4106,0,2023-03-01T18:51:55.144094,1704667,1419,1814,-559,-1178,-779,-299,-56,150,-242
23213,4107,0,2023-03-01T18:51:55.148906,1704672,1419,1814,-559,-1178,-779,-299,-56,150,-242
23214,4108,0,2023-03-01T18:51:55.154468,1704677,1418,1811,-558,-1177,-772,-302,-56,150,-242
23215,4109,0,2023-03-01T18:51:55.159182,1704682,1418,1811,-558,-1177,-772,-302,-56,150,-242
23216,4110,0,2023-03-01T18:51:55.163962,1704687,1418,1811,-558,-1177,-772,-302,-56,150,-242
23217,4111,0,2023-03-01T18:51:55.168663,1704691,1418,1811,-558,-1177,-772,-302,-56,150,-242
23218,4112,0,2023-03-01T18:51:55.174297,1704697,1411,1809,-559,-1182,-783,-294,-56,150,-242
23219,4113,0,2023-03-01T18:51:55.180714,1704704,1411,1809,-559,-1182,-783,-294,-56,150,-242
23220,4114,0,2023-03-01T18:51:55.185616,1704709,1411,1809,-559,-1182,-783,-294,-56,150,-242
23221,4115,0,2023-03-01T18:51:55.190467,1704714,1411,1809,-559,-1182,-783,-294,-56,150,-242
23222,4116,0,2023-03-01T18:51:55.196183,1704719,1420,1814,-557,-1194,-785,-304,-56,150,-242
23223,4117,0,2023-03-01T18:51:55.201452,1704724,1420,1814,-557,-1194,-785,-304,-56,150,-242
23224,4118,0,2023-03-01T18:51:55.206137,1704729,1420,1814,-557,-1194,-785,-304,-56,150,-242
23225,4119,0,2023-03-01T18:51:55.212812,1704735,1416,1811,-558,-1177,-775,-305,-56,150,-242
23226,4120,0,2023-03-01T18:51:55.218550,1704741,1416,1811,-558,-1177,-775,-305,-56,150,-242
23227,4121,0,2023-03-01T18:51:55.224693,1704747,1416,1811,-558,-1177,-775,-305,-56,150,-242
23228,4122,0,2023-03-01T18:51:55.230315,1704754,1416,1811,-558,-1177,-775,-305,-56,150,-242
23229,4123,0,2023-03-01T18:51:55.236395,1704759,1418,1810,-555,-1186,-791,-306,-57,153,-249
23230,4124,0,2023-03-01T18:51:55.242561,1704765,1418,1810,-555,-1186,-791,-306,-57,153,-249
23231,4125,0,2023-03-01T18:51:55.248224,1704771,1418,1810,-555,-1186,-791,-306,-57,153,-249
23232,4126,0,2023-03-01T18:51:55.254013,1704776,1416,1811,-555,-1188,-794,-302,-57,153,-249
23233,4127,0,2023-03-01T18:51:55.259079,1704782,1416,1811,-555,-1188,-794,-302,-57,153,-249
23234,4128,0,2023-03-01T18:51:55.264139,1704786,1416,1811,-555,-1188,-794,-302,-57,153,-249
23235,4129,0,2023-03-01T18:51:55.270459,1704793,1416,1811,-555,-1188,-794,-302,-57,153,-249
23236,4130,0,2023-03-01T18:51:55.276031,1704799,1417,1809,-556,-1180,-777,-303,-57,153,-249
23237,4131,0,2023-03-01T18:51:55.282116,1704805,1417,1809,-556,-1180,-777,-303,-57,153,-249
23238,4132,0,2023-03-01T18:51:55.287512,1704810,1417,1809,-556,-1180,-777,-303,-57,153,-249
23239,4133,0,2023-03-01T18:51:55.292849,1704816,1417,1813,-561,-1178,-777,-305,-57,153,-249
23240,4134,0,2023-03-01T18:51:55.299112,1704821,1417,1813,-561,-1178,-777,-305,-57,153,-249
23241,4135,0,2023-03-01T18:51:55.303959,1704826,1417,1813,-561,-1178,-777,-305,-57,153,-249
23242,4136,0,2023-03-01T18:51:55.308642,1704832,1417,1813,-561,-1178,-777,-305,-57,153,-249
23243,4137,0,2023-03-01T18:51:55.314432,1704837,1417,1807,-562,-1176,-779,-292,-57,153,-249
23244,4138,0,2023-03-01T18:51:55.320337,1704844,1417,1807,-562,-1176,-779,-292,-57,153,-249
23245,4139,0,2023-03-01T18:51:55.324962,1704848,1417,1807,-562,-1176,-779,-292,-57,153,-249
23246,4140,0,2023-03-01T18:51:55.330024,1704853,1417,1807,-562,-1176,-779,-292,-57,153,-249
23247,4141,0,2023-03-01T18:51:55.336184,1704859,1415,1808,-555,-1181,-785,-298,-57,153,-249
23248,4142,0,2023-03-01T18:51:55.342228,1704865,1415,1808,-555,-1181,-785,-298,-57,153,-249
23249,4143,0,2023-03-01T18:51:55.347105,1704870,1415,1808,-555,-1181,-785,-298,-57,153,-249
23250,4144,0,2023-03-01T18:51:55.353333,1704877,1415,1815,-564,-1180,-777,-302,-57,153,-249
23251,4145,0,2023-03-01T18:51:55.358924,1704882,1415,1815,-564,-1180,-777,-302,-57,153,-249
23252,4146,0,2023-03-01T18:51:55.363926,1704887,1415,1815,-564,-1180,-777,-302,-57,153,-249
23253,4147,0,2023-03-01T18:51:55.368785,1704892,1415,1815,-564,-1180,-777,-302,-57,153,-249
23254,4148,0,2023-03-01T18:51:55.374511,1704897,1414,1806,-556,-1186,-778,-297,-62,152,-250
23255,4149,0,2023-03-01T18:51:55.380414,1704903,1414,1806,-556,-1186,-778,-297,-62,152,-250
23256,4150,0,2023-03-01T18:51:55.385364,1704908,1414,1806,-556,-1186,-778,-297,-62,152,-250
23257,4151,0,2023-03-01T18:51:55.390327,1704913,1414,1806,-556,-1186,-778,-297,-62,152,-250
23258,4152,0,2023-03-01T18:51:55.395203,1704919,1418,1809,-559,-1194,-792,-295,-62,152,-250
23259,4153,0,2023-03-01T18:51:55.400742,1704924,1418,1809,-559,-1194,-792,-295,-62,152,-250
23260,4154,0,2023-03-01T18:51:55.405429,1704929,1418,1809,-559,-1194,-792,-295,-62,152,-250
23261,4155,0,2023-03-01T18:51:55.410486,1704933,1418,1809,-559,-1194,-792,-295,-62,152,-250
23262,4156,0,2023-03-01T18:51:55.416548,1704939,1419,1810,-551,-1196,-786,-299,-62,152,-250
23263,4157,0,2023-03-01T18:51:55.421220,1704944,1419,1810,-551,-1196,-786,-299,-62,152,-250
23264,4158,0,2023-03-01T18:51:55.425909,1704949,1419,1810,-551,-1196,-786,-299,-62,152,-250
23265,4159,0,2023-03-01T18:51:55.431872,1704954,1415,1805,-553,-1195,-788,-292,-62,152,-250
23266,4160,0,2023-03-01T18:51:55.438063,1704961,1415,1805,-553,-1195,-788,-292,-62,152,-250
23267,4161,0,2023-03-01T18:51:55.443627,1704967,1415,1805,-553,-1195,-788,-292,-62,152,-250
23268,4162,0,2023-03-01T18:51:55.450157,1704973,1415,1805,-553,-1195,-788,-292,-62,152,-250
23269,4163,0,2023-03-01T18:51:55.455964,1704979,1419,1810,-561,-1191,-792,-298,-62,152,-250
23270,4164,0,2023-03-01T18:51:55.461851,1704984,1419,1810,-561,-1191,-792,-298,-62,152,-250
23271,4165,0,2023-03-01T18:51:55.466814,1704989,1419,1810,-561,-1191,-792,-298,-62,152,-250
23272,4166,0,2023-03-01T18:51:55.472327,1704995,1417,1812,-555,-1180,-778,-297,-62,152,-250
23273,4167,0,2023-03-01T18:51:55.478770,1705001,1417,1812,-555,-1180,-778,-297,-62,152,-250
23274,4168,0,2023-03-01T18:51:55.483907,1705007,1417,1812,-555,-1180,-778,-297,-62,152,-250
23275,4169,0,2023-03-01T18:51:55.488797,1705012,1417,1812,-555,-1180,-778,-297,-62,152,-250
23276,4170,0,2023-03-01T18:51:55.495007,1705017,1416,1810,-552,-1182,-780,-308,-62,140,-250
23277,4171,0,2023-03-01T18:51:55.501200,1705024,1416,1810,-552,-1182,-780,-308,-62,140,-250
23278,4172,0,2023-03-01T18:51:55.506516,1705029,1416,1810,-552,-1182,-780,-308,-62,140,-250
23279,4173,0,2023-03-01T18:51:55.511613,1705034,1416,1810,-552,-1182,-780,-308,-62,140,-250
23280,4174,0,2023-03-01T18:51:55.517151,1705039,1420,1813,-558,-1185,-783,-304,-62,140,-250
23281,4175,0,2023-03-01T18:51:55.522697,1705046,1420,1813,-558,-1185,-783,-304,-62,140,-250
23282,4176,0,2023-03-01T18:51:55.528332,1705051,1420,1813,-558,-1185,-783,-304,-62,140,-250
23283,4177,0,2023-03-01T18:51:55.533539,1705057,1416,1807,-559,-1180,-789,-306,-62,140,-250
23284,4178,0,2023-03-01T18:51:55.540423,1705063,1416,1807,-559,-1180,-789,-306,-62,140,-250
23285,4179,0,2023-03-01T18:51:55.545522,1705068,1416,1807,-559,-1180,-789,-306,-62,140,-250
23286,4180,0,2023-03-01T18:51:55.550791,1705073,1416,1807,-559,-1180,-789,-306,-62,140,-250
23287,4181,0,2023-03-01T18:51:55.558607,1705080,1418,1813,-563,-1197,-789,-304,-62,140,-250
23288,4182,0,2023-03-01T18:51:55.564680,1705088,1418,1813,-563,-1197,-789,-304,-62,140,-250
23289,4183,0,2023-03-01T18:51:55.570081,1705093,1418,1813,-563,-1197,-789,-304,-62,140,-250
23290,4184,0,2023-03-01T18:51:55.575650,1705098,1418,1810,-566,-1195,-799,-302,-62,140,-250
23291,4185,0,2023-03-01T18:51:55.582270,1705105,1418,1810,-566,-1195,-799,-302,-62,140,-250
23292,4186,0,2023-03-01T18:51:55.587288,1705110,1418,1810,-566,-1195,-799,-302,-62,140,-250
23293,4187,0,2023-03-01T18:51:55.593016,1705115,1418,1808,-554,-1183,-787,-304,-62,140,-250
23294,4188,0,2023-03-01T18:51:55.599607,1705122,1418,1808,-554,-1183,-787,-304,-62,140,-250
23295,4189,0,2023-03-01T18:51:55.604784,1705127,1418,1808,-554,-1183,-787,-304,-62,140,-250
23296,4190,0,2023-03-01T18:51:55.610205,1705133,1418,1808,-554,-1183,-787,-304,-62,140,-250
23297,4191,0,2023-03-01T18:51:55.616314,1705139,1417,1809,-560,-1191,-790,-304,-62,140,-250
23298,4192,0,2023-03-01T18:51:55.622679,1705146,1417,1809,-560,-1191,-790,-304,-62,140,-250
23299,4193,0,2023-03-01T18:51:55.628128,1705151,1417,1809,-560,-1191,-790,-304,-62,140,-250
23300,4194,0,2023-03-01T18:51:55.634090,1705157,1415,1808,-553,-1199,-789,-304,-52,156,-254
23301,4195,0,2023-03-01T18:51:55.641909,1705164,1415,1808,-553,-1199,-789,-304,-52,156,-254
23302,4196,0,2023-03-01T18:51:55.647263,1705170,1415,1808,-553,-1199,-789,-304,-52,156,-254
23303,4197,0,2023-03-01T18:51:55.653040,1705176,1415,1809,-554,-1196,-801,-299,-52,156,-254
23304,4198,0,2023-03-01T18:51:55.659091,1705182,1415,1809,-554,-1196,-801,-299,-52,156,-254
23305,4199,0,2023-03-01T18:51:55.664254,1705187,1415,1809,-554,-1196,-801,-299,-52,156,-254
23306,4200,0,2023-03-01T18:51:55.669076,1705192,1415,1809,-554,-1196,-801,-299,-52,156,-254
23307,4201,0,2023-03-01T18:51:55.674849,1705197,1416,1811,-563,-1185,-785,-313,-52,156,-254
23308,4202,0,2023-03-01T18:51:55.681322,1705204,1416,1811,-563,-1185,-785,-313,-52,156,-254
23309,4203,0,2023-03-01T18:51:55.686320,1705209,1416,1811,-563,-1185,-785,-313,-52,156,-254
23310,4204,0,2023-03-01T18:51:55.692616,1705214,1417,1807,-560,-1175,-768,-306,-52,156,-254
23311,4205,0,2023-03-01T18:51:55.697502,1705221,1417,1807,-560,-1175,-768,-306,-52,156,-254
23312,4206,0,2023-03-01T18:51:55.702331,1705226,1417,1807,-560,-1175,-768,-306,-52,156,-254
23313,4207,0,2023-03-01T18:51:55.707291,1705230,1417,1807,-560,-1175,-768,-306,-52,156,-254
23314,4208,0,2023-03-01T18:51:55.713215,1705236,1416,1811,-558,-1179,-771,-305,-52,156,-254
23315,4209,0,2023-03-01T18:51:55.719857,1705242,1416,1811,-558,-1179,-771,-305,-52,156,-254
23316,4210,0,2023-03-01T18:51:55.724553,1705247,1416,1811,-558,-1179,-771,-305,-52,156,-254
23317,4211,0,2023-03-01T18:51:55.729642,1705252,1416,1811,-558,-1179,-771,-305,-52,156,-254
23318,4212,0,2023-03-01T18:51:55.734948,1705257,1415,1809,-567,-1166,-769,-300,-52,156,-254
23319,4213,0,2023-03-01T18:51:55.741109,1705264,1415,1809,-567,-1166,-769,-300,-52,156,-254
23320,4214,0,2023-03-01T18:51:55.745896,1705269,1415,1809,-567,-1166,-769,-300,-52,156,-254
23321,4215,0,2023-03-01T18:51:55.751442,1705274,1415,1809,-567,-1166,-769,-300,-52,156,-254
23322,4216,0,2023-03-01T18:51:55.756137,1705279,1418,1805,-559,-1169,-765,-305,-63,149,-249
23323,4217,0,2023-03-01T18:51:55.761805,1705284,1418,1805,-559,-1169,-765,-305,-63,149,-249
23324,4218,0,2023-03-01T18:51:55.766568,1705289,1418,1805,-559,-1169,-765,-305,-63,149,-249
23325,4219,0,2023-03-01T18:51:55.772723,1705295,1413,1810,-563,-1170,-762,-304,-63,149,-249
23326,4220,0,2023-03-01T18:51:55.778109,1705300,1413,1810,-563,-1170,-762,-304,-63,149,-249
23327,4221,0,2023-03-01T18:51:55.783372,1705307,1413,1810,-563,-1170,-762,-304,-63,149,-249
23328,4222,0,2023-03-01T18:51:55.788294,1705311,1413,1810,-563,-1170,-762,-304,-63,149,-249
23329,4223,0,2023-03-01T18:51:55.793796,1705317,1415,1810,-560,-1170,-769,-300,-63,149,-249
23330,4224,0,2023-03-01T18:51:55.800419,1705323,1415,1810,-560,-1170,-769,-300,-63,149,-249
23331,4225,0,2023-03-01T18:51:55.805605,1705328,1415,1810,-560,-1170,-769,-300,-63,149,-249
23332,4226,0,2023-03-01T18:51:55.810588,1705333,1415,1810,-560,-1170,-769,-300,-63,149,-249
23333,4227,0,2023-03-01T18:51:55.816896,1705339,1418,1809,-571,-1170,-761,-305,-63,149,-249
23334,4228,0,2023-03-01T18:51:55.822778,1705346,1418,1809,-571,-1170,-761,-305,-63,149,-249
23335,4229,0,2023-03-01T18:51:55.828242,1705351,1418,1809,-571,-1170,-761,-305,-63,149,-249
23336,4230,0,2023-03-01T18:51:55.834121,1705357,1416,1808,-561,-1174,-768,-300,-63,149,-249
23337,4231,0,2023-03-01T18:51:55.841036,1705364,1416,1808,-561,-1174,-768,-300,-63,149,-249
23338,4232,0,2023-03-01T18:51:55.846092,1705369,1416,1808,-561,-1174,-768,-300,-63,149,-249
23339,4233,0,2023-03-01T18:51:55.851600,1705374,1416,1808,-561,-1174,-768,-300,-63,149,-249
23340,4234,0,2023-03-01T18:51:55.856879,1705379,1417,1810,-558,-1178,-770,-304,-63,149,-249
23341,4235,0,2023-03-01T18:51:55.862460,1705385,1417,1810,-558,-1178,-770,-304,-63,149,-249
23342,4236,0,2023-03-01T18:51:55.867812,1705391,1417,1810,-558,-1178,-770,-304,-63,149,-249
23343,4237,0,2023-03-01T18:51:55.873502,1705397,1417,1808,-561,-1184,-773,-309,-57,153,-247
23344,4238,0,2023-03-01T18:51:55.879787,1705403,1417,1808,-561,-1184,-773,-309,-57,153,-247
23345,4239,0,2023-03-01T18:51:55.885017,1705407,1417,1808,-561,-1184,-773,-309,-57,153,-247
23346,4240,0,2023-03-01T18:51:55.889894,1705413,1417,1808,-561,-1184,-773,-309,-57,153,-247
23347,4241,0,2023-03-01T18:51:55.895205,1705418,1416,1807,-551,-1174,-767,-305,-57,153,-247
23348,4242,0,2023-03-01T18:51:55.901104,1705423,1416,1807,-551,-1174,-767,-305,-57,153,-247
23349,4243,0,2023-03-01T18:51:55.905972,1705428,1416,1807,-551,-1174,-767,-305,-57,153,-247
23350,4244,0,2023-03-01T18:51:55.911133,1705434,1416,1807,-551,-1174,-767,-305,-57,153,-247
23351,4245,0,2023-03-01T18:51:55.916139,1705439,1417,1807,-562,-1173,-775,-307,-57,153,-247
23352,4246,0,2023-03-01T18:51:55.921976,1705445,1417,1807,-562,-1173,-775,-307,-57,153,-247
23353,4247,0,2023-03-01T18:51:55.926954,1705450,1417,1807,-562,-1173,-775,-307,-57,153,-247
23354,4248,0,2023-03-01T18:51:55.932580,1705455,1416,1808,-561,-1170,-769,-301,-57,153,-247
23355,4249,0,2023-03-01T18:51:55.938482,1705461,1416,1808,-561,-1170,-769,-301,-57,153,-247
23356,4250,0,2023-03-01T18:51:55.943501,1705466,1416,1808,-561,-1170,-769,-301,-57,153,-247
23357,4251,0,2023-03-01T18:51:55.948290,1705472,1416,1808,-561,-1170,-769,-301,-57,153,-247
23358,4252,0,2023-03-01T18:51:55.953695,1705477,1413,1805,-558,-1169,-770,-300,-57,153,-247
23359,4253,0,2023-03-01T18:51:55.959278,1705482,1413,1805,-558,-1169,-770,-300,-57,153,-247
23360,4254,0,2023-03-01T18:51:55.964184,1705487,1413,1805,-558,-1169,-770,-300,-57,153,-247
23361,4255,0,2023-03-01T18:51:55.969237,1705492,1413,1805,-558,-1169,-770,-300,-57,153,-247
23362,4256,0,2023-03-01T18:51:55.974706,1705497,1417,1808,-562,-1159,-760,-302,-57,153,-247
23363,4257,0,2023-03-01T18:51:55.980853,1705504,1417,1808,-562,-1159,-760,-302,-57,153,-247
23364,4258,0,2023-03-01T18:51:55.985598,1705508,1417,1808,-562,-1159,-760,-302,-57,153,-247
23365,4259,0,2023-03-01T18:51:55.990614,1705513,1417,1808,-562,-1159,-760,-302,-57,153,-247
23366,4260,0,2023-03-01T18:51:55.997097,1705520,1413,1805,-561,-1168,-761,-302,-57,153,-247
23367,4261,0,2023-03-01T18:51:56.003663,1705527,1413,1805,-561,-1168,-761,-302,-57,153,-247
23368,4262,0,2023-03-01T18:51:56.008536,1705531,1413,1805,-561,-1168,-761,-302,-57,153,-247
23369,4263,0,2023-03-01T18:51:56.013450,1705537,1415,1806,-554,-1176,-767,-305,-54,148,-248
23370,4264,0,2023-03-01T18:51:56.018116,1705541,1415,1806,-554,-1176,-767,-305,-54,148,-248
23371,4265,0,2023-03-01T18:51:56.023318,1705546,1415,1806,-554,-1176,-767,-305,-54,148,-248
23372,4266,0,2023-03-01T18:51:56.028238,1705551,1415,1806,-554,-1176,-767,-305,-54,148,-248
23373,4267,0,2023-03-01T18:51:56.034192,1705556,1417,1809,-561,-1173,-774,-294,-54,148,-248
23374,4268,0,2023-03-01T18:51:56.039517,1705563,1417,1809,-561,-1173,-774,-294,-54,148,-248
23375,4269,0,2023-03-01T18:51:56.044141,1705567,1417,1809,-561,-1173,-774,-294,-54,148,-248
23376,4270,0,2023-03-01T18:51:56.049262,1705572,1417,1809,-561,-1173,-774,-294,-54,148,-248
23377,4271,0,2023-03-01T18:51:56.054869,1705578,1417,1809,-561,-1173,-774,-294,-54,148,-248
23378,4272,0,2023-03-01T18:51:56.060727,1705583,1417,1809,-561,-1173,-774,-294,-54,148,-248
23379,4273,0,2023-03-01T18:51:56.065839,1705588,1417,1809,-561,-1173,-774,-294,-54,148,-248
23380,4274,0,2023-03-01T18:51:56.070784,1705593,1417,1809,-561,-1173,-774,-294,-54,148,-248
23381,4275,0,2023-03-01T18:51:56.077132,1705600,1418,1811,-560,-1170,-774,-306,-54,148,-248
23382,4276,0,2023-03-01T18:51:56.082701,1705606,1418,1811,-560,-1170,-774,-306,-54,148,-248
23383,4277,0,2023-03-01T18:51:56.087677,1705611,1418,1811,-560,-1170,-774,-306,-54,148,-248
23384,4278,0,2023-03-01T18:51:56.093128,1705616,1416,1809,-565,-1176,-772,-300,-54,148,-248
23385,4279,0,2023-03-01T18:51:56.099056,1705622,1416,1809,-565,-1176,-772,-300,-54,148,-248
23386,4280,0,2023-03-01T18:51:56.103800,1705626,1416,1809,-565,-1176,-772,-300,-54,148,-248
23387,4281,0,2023-03-01T18:51:56.108811,1705631,1416,1809,-565,-1176,-772,-300,-54,148,-248
23388,4282,0,2023-03-01T18:51:56.114733,1705637,1412,1807,-559,-1173,-774,-299,-54,148,-248
23389,4283,0,2023-03-01T18:51:56.119677,1705643,1412,1807,-559,-1173,-774,-299,-54,148,-248
23390,4284,0,2023-03-01T18:51:56.124246,1705648,1412,1807,-559,-1173,-774,-299,-54,148,-248
23391,4285,0,2023-03-01T18:51:56.128590,1705652,1412,1807,-559,-1173,-774,-299,-54,148,-248
23392,4286,0,2023-03-01T18:51:56.134318,1705657,1417,1810,-566,-1170,-779,-302,-57,149,-251
23393,4287,0,2023-03-01T18:51:56.139707,1705663,1417,1810,-566,-1170,-779,-302,-57,149,-251
23394,4288,0,2023-03-01T18:51:56.144850,1705668,1417,1810,-566,-1170,-779,-302,-57,149,-251
23395,4289,0,2023-03-01T18:51:56.149811,1705672,1417,1810,-566,-1170,-779,-302,-57,149,-251
23396,4290,0,2023-03-01T18:51:56.155235,1705678,1417,1810,-566,-1170,-779,-302,-57,149,-251
23397,4291,0,2023-03-01T18:51:56.160465,1705683,1417,1810,-566,-1170,-779,-302,-57,149,-251
23398,4292,0,2023-03-01T18:51:56.165784,1705689,1417,1810,-566,-1170,-779,-302,-57,149,-251
23399,4293,0,2023-03-01T18:51:56.170832,1705694,1417,1810,-566,-1170,-779,-302,-57,149,-251
23400,4294,0,2023-03-01T18:51:56.177209,1705700,1415,1809,-560,-1182,-787,-307,-57,149,-251
23401,4295,0,2023-03-01T18:51:56.182525,1705705,1415,1809,-560,-1182,-787,-307,-57,149,-251
23402,4296,0,2023-03-01T18:51:56.187374,1705710,1415,1809,-560,-1182,-787,-307,-57,149,-251
23403,4297,0,2023-03-01T18:51:56.192574,1705715,1418,1812,-562,-1181,-785,-309,-57,149,-251
23404,4298,0,2023-03-01T18:51:56.198344,1705721,1418,1812,-562,-1181,-785,-309,-57,149,-251
23405,4299,0,2023-03-01T18:51:56.203457,1705726,1418,1812,-562,-1181,-785,-309,-57,149,-251
23406,4300,0,2023-03-01T18:51:56.208613,1705732,1418,1812,-562,-1181,-785,-309,-57,149,-251
23407,4301,0,2023-03-01T18:51:56.214718,1705737,1416,1804,-564,-1183,-782,-307,-57,149,-251
23408,4302,0,2023-03-01T18:51:56.221336,1705744,1416,1804,-564,-1183,-782,-307,-57,149,-251
23409,4303,0,2023-03-01T18:51:56.227013,1705749,1416,1804,-564,-1183,-782,-307,-57,149,-251
23410,4304,0,2023-03-01T18:51:56.234147,1705757,1419,1808,-566,-1189,-778,-309,-57,149,-251
23411,4305,0,2023-03-01T18:51:56.240236,1705763,1419,1808,-566,-1189,-778,-309,-57,149,-251
23412,4306,0,2023-03-01T18:51:56.245405,1705767,1419,1808,-566,-1189,-778,-309,-57,149,-251
23413,4307,0,2023-03-01T18:51:56.250353,1705774,1419,1808,-566,-1189,-778,-309,-57,149,-251
23414,4308,0,2023-03-01T18:51:56.255967,1705779,1419,1808,-562,-1190,-786,-302,-57,149,-251
23415,4309,0,2023-03-01T18:51:56.262019,1705785,1419,1808,-562,-1190,-786,-302,-57,149,-251
23416,4310,0,2023-03-01T18:51:56.267079,1705790,1419,1808,-562,-1190,-786,-302,-57,149,-251
23417,4311,0,2023-03-01T18:51:56.272284,1705795,1419,1808,-562,-1190,-786,-302,-57,149,-251
23418,4312,0,2023-03-01T18:51:56.278029,1705800,1418,1805,-555,-1189,-784,-310,-56,154,-252
23419,4313,0,2023-03-01T18:51:56.283834,1705806,1418,1805,-555,-1189,-784,-310,-56,154,-252
23420,4314,0,2023-03-01T18:51:56.289024,1705811,1418,1805,-555,-1189,-784,-310,-56,154,-252
23421,4315,0,2023-03-01T18:51:56.294511,1705818,1419,1811,-561,-1179,-777,-306,-56,154,-252
23422,4316,0,2023-03-01T18:51:56.300611,1705824,1419,1811,-561,-1179,-777,-306,-56,154,-252
23423,4317,0,2023-03-01T18:51:56.305293,1705828,1419,1811,-561,-1179,-777,-306,-56,154,-252
23424,4318,0,2023-03-01T18:51:56.310345,1705833,1419,1811,-561,-1179,-777,-306,-56,154,-252
23425,4319,0,2023-03-01T18:51:56.315728,1705839,1413,1810,-558,-1181,-781,-300,-56,154,-252
23426,4320,0,2023-03-01T18:51:56.321513,1705844,1413,1810,-558,-1181,-781,-300,-56,154,-252
23427,4321,0,2023-03-01T18:51:56.326130,1705849,1413,1810,-558,-1181,-781,-300,-56,154,-252
23428,4322,0,2023-03-01T18:51:56.332280,1705854,1413,1810,-558,-1181,-781,-300,-56,154,-252
23429,4323,0,2023-03-01T18:51:56.337776,1705861,1418,1810,-562,-1189,-784,-299,-56,154,-252
23430,4324,0,2023-03-01T18:51:56.343656,1705867,1418,1810,-562,-1189,-784,-299,-56,154,-252
23431,4325,0,2023-03-01T18:51:56.348542,1705872,1418,1810,-562,-1189,-784,-299,-56,154,-252
23432,4326,0,2023-03-01T18:51:56.353454,1705876,1421,1810,-569,-1184,-785,-295,-56,154,-252
23433,4327,0,2023-03-01T18:51:56.359180,1705882,1421,1810,-569,-1184,-785,-295,-56,154,-252
23434,4328,0,2023-03-01T18:51:56.365593,1705887,1421,1810,-569,-1184,-785,-295,-56,154,-252
23435,4329,0,2023-03-01T18:51:56.370187,1705893,1421,1810,-569,-1184,-785,-295,-56,154,-252
23436,4330,0,2023-03-01T18:51:56.375495,1705899,1415,1809,-561,-1177,-782,-296,-56,154,-252
23437,4331,0,2023-03-01T18:51:56.381613,1705905,1415,1809,-561,-1177,-782,-296,-56,154,-252
23438,4332,0,2023-03-01T18:51:56.386654,1705910,1415,1809,-561,-1177,-782,-296,-56,154,-252
23439,4333,0,2023-03-01T18:51:56.391165,1705914,1415,1809,-561,-1177,-782,-296,-56,154,-252
23440,4334,0,2023-03-01T18:51:56.396880,1705919,1421,1811,-563,-1185,-789,-304,-56,154,-248
23441,4335,0,2023-03-01T18:51:56.402244,1705925,1421,1811,-563,-1185,-789,-304,-56,154,-248
23442,4336,0,2023-03-01T18:51:56.407718,1705930,1421,1811,-563,-1185,-789,-304,-56,154,-248
23443,4337,0,2023-03-01T18:51:56.413423,1705936,1414,1811,-563,-1186,-788,-299,-56,154,-248
23444,4338,0,2023-03-01T18:51:56.419499,1705943,1414,1811,-563,-1186,-788,-299,-56,154,-248
23445,4339,0,2023-03-01T18:51:56.424225,1705947,1414,1811,-563,-1186,-788,-299,-56,154,-248
23446,4340,0,2023-03-01T18:51:56.429156,1705952,1414,1811,-563,-1186,-788,-299,-56,154,-248
23447,4341,0,2023-03-01T18:51:56.435676,1705958,1416,1807,-561,-1190,-787,-292,-56,154,-248
23448,4342,0,2023-03-01T18:51:56.441130,1705964,1416,1807,-561,-1190,-787,-292,-56,154,-248
23449,4343,0,2023-03-01T18:51:56.446852,1705969,1416,1807,-561,-1190,-787,-292,-56,154,-248
23450,4344,0,2023-03-01T18:51:56.451670,1705974,1416,1807,-561,-1190,-787,-292,-56,154,-248
23451,4345,0,2023-03-01T18:51:56.457594,1705980,1420,1810,-565,-1188,-783,-297,-56,154,-248
23452,4346,0,2023-03-01T18:51:56.462967,1705986,1420,1810,-565,-1188,-783,-297,-56,154,-248
23453,4347,0,2023-03-01T18:51:56.468212,1705991,1420,1810,-565,-1188,-783,-297,-56,154,-248
23454,4348,0,2023-03-01T18:51:56.473965,1705997,1417,1807,-564,-1181,-778,-297,-56,154,-248
23455,4349,0,2023-03-01T18:51:56.479949,1706003,1417,1807,-564,-1181,-778,-297,-56,154,-248
23456,4350,0,2023-03-01T18:51:56.484855,1706008,1417,1807,-564,-1181,-778,-297,-56,154,-248
23457,4351,0,2023-03-01T18:51:56.490262,1706013,1417,1807,-564,-1181,-778,-297,-56,154,-248
23458,4352,0,2023-03-01T18:51:56.495940,1706018,1419,1807,-560,-1185,-789,-297,-56,154,-248
23459,4353,0,2023-03-01T18:51:56.502532,1706025,1419,1807,-560,-1185,-789,-297,-56,154,-248
23460,4354,0,2023-03-01T18:51:56.507680,1706031,1419,1807,-560,-1185,-789,-297,-56,154,-248
23461,4355,0,2023-03-01T18:51:56.513471,1706037,1422,1809,-562,-1184,-800,-295,-56,154,-248
23462,4356,0,2023-03-01T18:51:56.519439,1706042,1422,1809,-562,-1184,-800,-295,-56,154,-248
23463,4357,0,2023-03-01T18:51:56.524395,1706047,1422,1809,-562,-1184,-800,-295,-56,154,-248
23464,4358,0,2023-03-01T18:51:56.529871,1706053,1422,1809,-562,-1184,-800,-295,-56,154,-248
23465,4359,0,2023-03-01T18:51:56.535442,1706058,1417,1805,-564,-1189,-794,-293,-55,153,-243
23466,4360,0,2023-03-01T18:51:56.542226,1706064,1417,1805,-564,-1189,-794,-293,-55,153,-243
23467,4361,0,2023-03-01T18:51:56.547550,1706071,1417,1805,-564,-1189,-794,-293,-55,153,-243
23468,4362,0,2023-03-01T18:51:56.552722,1706076,1417,1805,-564,-1189,-794,-293,-55,153,-243
23469,4363,0,2023-03-01T18:51:56.558468,1706081,1417,1808,-560,-1193,-792,-299,-55,153,-243
23470,4364,0,2023-03-01T18:51:56.564144,1706087,1417,1808,-560,-1193,-792,-299,-55,153,-243
23471,4365,0,2023-03-01T18:51:56.569093,1706092,1417,1808,-560,-1193,-792,-299,-55,153,-243
23472,4366,0,2023-03-01T18:51:56.574657,1706097,1416,1808,-558,-1190,-794,-302,-55,153,-243
23473,4367,0,2023-03-01T18:51:56.581157,1706104,1416,1808,-558,-1190,-794,-302,-55,153,-243
23474,4368,0,2023-03-01T18:51:56.586516,1706109,1416,1808,-558,-1190,-794,-302,-55,153,-243
23475,4369,0,2023-03-01T18:51:56.592321,1706115,1416,1808,-558,-1190,-794,-302,-55,153,-243
23476,4370,0,2023-03-01T18:51:56.597345,1706120,1417,1808,-562,-1194,-794,-304,-55,153,-243
23477,4371,0,2023-03-01T18:51:56.602896,1706126,1417,1808,-562,-1194,-794,-304,-55,153,-243
23478,4372,0,2023-03-01T18:51:56.608044,1706131,1417,1808,-562,-1194,-794,-304,-55,153,-243
23479,4373,0,2023-03-01T18:51:56.613738,1706136,1418,1809,-565,-1191,-799,-302,-55,153,-243
23480,4374,0,2023-03-01T18:51:56.620226,1706143,1418,1809,-565,-1191,-799,-302,-55,153,-243
23481,4375,0,2023-03-01T18:51:56.625183,1706148,1418,1809,-565,-1191,-799,-302,-55,153,-243
23482,4376,0,2023-03-01T18:51:56.630241,1706153,1418,1809,-565,-1191,-799,-302,-55,153,-243
23483,4377,0,2023-03-01T18:51:56.635894,1706159,1418,1805,-566,-1184,-796,-296,-55,153,-243
23484,4378,0,2023-03-01T18:51:56.642781,1706166,1418,1805,-566,-1184,-796,-296,-55,153,-243
23485,4379,0,2023-03-01T18:51:56.647814,1706171,1418,1805,-566,-1184,-796,-296,-55,153,-243
23486,4380,0,2023-03-01T18:51:56.653367,1706176,1420,1809,-554,-1168,-782,-296,-57,151,-247
23487,4381,0,2023-03-01T18:51:56.659308,1706182,1420,1809,-554,-1168,-782,-296,-57,151,-247
23488,4382,0,2023-03-01T18:51:56.664312,1706187,1420,1809,-554,-1168,-782,-296,-57,151,-247
23489,4383,0,2023-03-01T18:51:56.669203,1706192,1420,1809,-554,-1168,-782,-296,-57,151,-247
23490,4384,0,2023-03-01T18:51:56.674434,1706198,1417,1809,-571,-1177,-773,-306,-57,151,-247
23491,4385,0,2023-03-01T18:51:56.680236,1706204,1417,1809,-571,-1177,-773,-306,-57,151,-247
23492,4386,0,2023-03-01T18:51:56.685075,1706208,1417,1809,-571,-1177,-773,-306,-57,151,-247
23493,4387,0,2023-03-01T18:51:56.689855,1706213,1417,1809,-571,-1177,-773,-306,-57,151,-247
23494,4388,0,2023-03-01T18:51:56.694517,1706217,1416,1805,-559,-1167,-766,-303,-57,151,-247
23495,4389,0,2023-03-01T18:51:56.701134,1706223,1416,1805,-559,-1167,-766,-303,-57,151,-247
23496,4390,0,2023-03-01T18:51:56.706201,1706229,1416,1805,-559,-1167,-766,-303,-57,151,-247
23497,4391,0,2023-03-01T18:51:56.712135,1706234,1416,1805,-559,-1167,-766,-303,-57,151,-247
23498,4392,0,2023-03-01T18:51:56.716747,1706240,1414,1809,-564,-1176,-772,-301,-57,151,-247
23499,4393,0,2023-03-01T18:51:56.722536,1706245,1414,1809,-564,-1176,-772,-301,-57,151,-247
23500,4394,0,2023-03-01T18:51:56.727302,1706250,1414,1809,-564,-1176,-772,-301,-57,151,-247
23501,4395,0,2023-03-01T18:51:56.734066,1706257,1417,1806,-565,-1165,-764,-304,-57,151,-247
23502,4396,0,2023-03-01T18:51:56.739260,1706262,1417,1806,-565,-1165,-764,-304,-57,151,-247
23503,4397,0,2023-03-01T18:51:56.744398,1706267,1417,1806,-565,-1165,-764,-304,-57,151,-247
23504,4398,0,2023-03-01T18:51:56.749956,1706272,1417,1806,-565,-1165,-764,-304,-57,151,-247
23505,4399,0,2023-03-01T18:51:56.755489,1706278,1416,1803,-561,-1163,-764,-295,-57,151,-247
23506,4400,0,2023-03-01T18:51:56.761754,1706285,1416,1803,-561,-1163,-764,-295,-57,151,-247
23507,4401,0,2023-03-01T18:51:56.767160,1706290,1416,1803,-561,-1163,-764,-295,-57,151,-247
23508,4402,0,2023-03-01T18:51:56.771593,1706295,1416,1803,-561,-1163,-764,-295,-57,151,-247
23509,4403,0,2023-03-01T18:51:56.777144,1706300,1417,1808,-564,-1171,-770,-297,-56,156,-250
23510,4404,0,2023-03-01T18:51:56.782700,1706305,1417,1808,-564,-1171,-770,-297,-56,156,-250
23511,4405,0,2023-03-01T18:51:56.787828,1706310,1417,1808,-564,-1171,-770,-297,-56,156,-250
23512,4406,0,2023-03-01T18:51:56.793446,1706316,1417,1807,-560,-1174,-754,-304,-56,156,-250
23513,4407,0,2023-03-01T18:51:56.799462,1706322,1417,1807,-560,-1174,-754,-304,-56,156,-250
23514,4408,0,2023-03-01T18:51:56.805303,1706328,1417,1807,-560,-1174,-754,-304,-56,156,-250
23515,4409,0,2023-03-01T18:51:56.810518,1706334,1417,1807,-560,-1174,-754,-304,-56,156,-250
23516,4410,0,2023-03-01T18:51:56.816116,1706339,1419,1811,-563,-1166,-753,-304,-56,156,-250
23517,4411,0,2023-03-01T18:51:56.822144,1706345,1419,1811,-563,-1166,-753,-304,-56,156,-250
23518,4412,0,2023-03-01T18:51:56.826946,1706350,1419,1811,-563,-1166,-753,-304,-56,156,-250
23519,4413,0,2023-03-01T18:51:56.832402,1706355,1419,1811,-563,-1166,-753,-304,-56,156,-250
23520,4414,0,2023-03-01T18:51:56.837515,1706360,1416,1810,-560,-1177,-766,-313,-56,156,-250
23521,4415,0,2023-03-01T18:51:56.843422,1706366,1416,1810,-560,-1177,-766,-313,-56,156,-250
23522,4416,0,2023-03-01T18:51:56.848420,1706372,1416,1810,-560,-1177,-766,-313,-56,156,-250
23523,4417,0,2023-03-01T18:51:56.853609,1706377,1415,1806,-557,-1170,-777,-292,-56,156,-250
23524,4418,0,2023-03-01T18:51:56.859424,1706382,1415,1806,-557,-1170,-777,-292,-56,156,-250
23525,4419,0,2023-03-01T18:51:56.864222,1706387,1415,1806,-557,-1170,-777,-292,-56,156,-250
23526,4420,0,2023-03-01T18:51:56.869399,1706392,1415,1806,-557,-1170,-777,-292,-56,156,-250
23527,4421,0,2023-03-01T18:51:56.876654,1706399,1417,1808,-563,-1178,-778,-302,-56,156,-250
23528,4422,0,2023-03-01T18:51:56.882313,1706405,1417,1808,-563,-1178,-778,-302,-56,156,-250
23529,4423,0,2023-03-01T18:51:56.887459,1706411,1417,1808,-563,-1178,-778,-302,-56,156,-250
23530,4424,0,2023-03-01T18:51:56.893236,1706416,1417,1808,-563,-1178,-778,-302,-56,156,-250
23531,4425,0,2023-03-01T18:51:56.898416,1706421,1418,1808,-566,-1181,-782,-301,-56,156,-250
23532,4426,0,2023-03-01T18:51:56.903822,1706427,1418,1808,-566,-1181,-782,-301,-56,156,-250
23533,4427,0,2023-03-01T18:51:56.908637,1706432,1418,1808,-566,-1181,-782,-301,-56,156,-250
23534,4428,0,2023-03-01T18:51:56.914098,1706437,1416,1804,-563,-1182,-791,-296,-59,147,-253
23535,4429,0,2023-03-01T18:51:56.919913,1706443,1416,1804,-563,-1182,-791,-296,-59,147,-253
23536,4430,0,2023-03-01T18:51:56.924775,1706447,1416,1804,-563,-1182,-791,-296,-59,147,-253
23537,4431,0,2023-03-01T18:51:56.929629,1706452,1416,1804,-563,-1182,-791,-296,-59,147,-253
23538,4432,0,2023-03-01T18:51:56.935203,1706458,1417,1810,-563,-1188,-794,-300,-59,147,-253
23539,4433,0,2023-03-01T18:51:56.940662,1706464,1417,1810,-563,-1188,-794,-300,-59,147,-253
23540,4434,0,2023-03-01T18:51:56.945395,1706469,1417,1810,-563,-1188,-794,-300,-59,147,-253
23541,4435,0,2023-03-01T18:51:56.950298,1706473,1417,1810,-563,-1188,-794,-300,-59,147,-253
23542,4436,0,2023-03-01T18:51:56.956117,1706479,1414,1808,-558,-1186,-795,-304,-59,147,-253
23543,4437,0,2023-03-01T18:51:56.962056,1706485,1414,1808,-558,-1186,-795,-304,-59,147,-253
23544,4438,0,2023-03-01T18:51:56.967053,1706489,1414,1808,-558,-1186,-795,-304,-59,147,-253
23545,4439,0,2023-03-01T18:51:56.972400,1706496,1414,1808,-558,-1186,-795,-304,-59,147,-253
23546,4440,0,2023-03-01T18:51:56.977926,1706501,1414,1808,-558,-1186,-795,-304,-59,147,-253
23547,4441,0,2023-03-01T18:51:56.983017,1706506,1414,1808,-558,-1186,-795,-304,-59,147,-253
23548,4442,0,2023-03-01T18:51:56.988092,1706511,1414,1808,-558,-1186,-795,-304,-59,147,-253
23549,4443,0,2023-03-01T18:51:56.993837,1706517,1419,1809,-562,-1197,-800,-296,-59,147,-253
23550,4444,0,2023-03-01T18:51:57.000478,1706523,1419,1809,-562,-1197,-800,-296,-59,147,-253
23551,4445,0,2023-03-01T18:51:57.005283,1706528,1419,1809,-562,-1197,-800,-296,-59,147,-253
23552,4446,0,2023-03-01T18:51:57.009952,1706532,1419,1809,-562,-1197,-800,-296,-59,147,-253
23553,4447,0,2023-03-01T18:51:57.015533,1706539,1416,1807,-558,-1194,-795,-293,-59,147,-253
23554,4448,0,2023-03-01T18:51:57.021321,1706544,1416,1807,-558,-1194,-795,-293,-59,147,-253
23555,4449,0,2023-03-01T18:51:57.026123,1706549,1416,1807,-558,-1194,-795,-293,-59,147,-253
23556,4450,0,2023-03-01T18:51:57.031681,1706554,1416,1807,-558,-1194,-795,-293,-59,147,-253
23557,4451,0,2023-03-01T18:51:57.037593,1706560,1421,1808,-571,-1188,-806,-299,-58,152,-246
23558,4452,0,2023-03-01T18:51:57.043480,1706566,1421,1808,-571,-1188,-806,-299,-58,152,-246
23559,4453,0,2023-03-01T18:51:57.048892,1706571,1421,1808,-571,-1188,-806,-299,-58,152,-246
23560,4454,0,2023-03-01T18:51:57.055262,1706577,1419,1805,-563,-1192,-793,-302,-58,152,-246
23561,4455,0,2023-03-01T18:51:57.062558,1706586,1419,1805,-563,-1192,-793,-302,-58,152,-246
23562,4456,0,2023-03-01T18:51:57.068270,1706591,1419,1805,-563,-1192,-793,-302,-58,152,-246
23563,4457,0,2023-03-01T18:51:57.074778,1706597,1416,1803,-562,-1201,-793,-307,-58,152,-246
23564,4458,0,2023-03-01T18:51:57.081276,1706604,1416,1803,-562,-1201,-793,-307,-58,152,-246
23565,4459,0,2023-03-01T18:51:57.087348,1706610,1416,1803,-562,-1201,-793,-307,-58,152,-246
23566,4460,0,2023-03-01T18:51:57.093687,1706616,1416,1803,-562,-1201,-793,-307,-58,152,-246
23567,4461,0,2023-03-01T18:51:57.101150,1706624,1416,1812,-561,-1201,-795,-311,-58,152,-246
23568,4462,0,2023-03-01T18:51:57.107292,1706630,1416,1812,-561,-1201,-795,-311,-58,152,-246
23569,4463,0,2023-03-01T18:51:57.113185,1706636,1416,1812,-561,-1201,-795,-311,-58,152,-246
23570,4464,0,2023-03-01T18:51:57.118448,1706641,1414,1808,-563,-1199,-795,-306,-58,152,-246
23571,4465,0,2023-03-01T18:51:57.124762,1706647,1414,1808,-563,-1199,-795,-306,-58,152,-246
23572,4466,0,2023-03-01T18:51:57.129940,1706652,1414,1808,-563,-1199,-795,-306,-58,152,-246
23573,4467,0,2023-03-01T18:51:57.134700,1706657,1417,1811,-569,-1199,-800,-304,-58,152,-246
23574,4468,0,2023-03-01T18:51:57.140783,1706663,1417,1811,-569,-1199,-800,-304,-58,152,-246
23575,4469,0,2023-03-01T18:51:57.146476,1706670,1417,1811,-569,-1199,-800,-304,-58,152,-246
23576,4470,0,2023-03-01T18:51:57.151917,1706675,1417,1811,-569,-1199,-800,-304,-58,152,-246
23577,4471,0,2023-03-01T18:51:57.157027,1706680,1417,1807,-569,-1191,-790,-295,-58,152,-246
23578,4472,0,2023-03-01T18:51:57.162475,1706685,1417,1807,-569,-1191,-790,-295,-58,152,-246
23579,4473,0,2023-03-01T18:51:57.167429,1706690,1417,1807,-569,-1191,-790,-295,-58,152,-246
23580,4474,0,2023-03-01T18:51:57.172897,1706696,1417,1807,-569,-1191,-790,-295,-58,152,-246
23581,4475,0,2023-03-01T18:51:57.178270,1706701,1415,1805,-556,-1187,-794,-302,-57,149,-249
23582,4476,0,2023-03-01T18:51:57.183727,1706706,1415,1805,-556,-1187,-794,-302,-57,149,-249
23583,4477,0,2023-03-01T18:51:57.188287,1706712,1415,1805,-556,-1187,-794,-302,-57,149,-249
23584,4478,0,2023-03-01T18:51:57.193654,1706717,1421,1810,-561,-1188,-792,-305,-57,149,-249
23585,4479,0,2023-03-01T18:51:57.199886,1706723,1421,1810,-561,-1188,-792,-305,-57,149,-249
23586,4480,0,2023-03-01T18:51:57.205126,1706728,1421,1810,-561,-1188,-792,-305,-57,149,-249
23587,4481,0,2023-03-01T18:51:57.210813,1706734,1421,1810,-561,-1188,-792,-305,-57,149,-249
23588,4482,0,2023-03-01T18:51:57.216266,1706739,1417,1805,-562,-1187,-799,-295,-57,149,-249
23589,4483,0,2023-03-01T18:51:57.222212,1706745,1417,1805,-562,-1187,-799,-295,-57,149,-249
23590,4484,0,2023-03-01T18:51:57.227108,1706750,1417,1805,-562,-1187,-799,-295,-57,149,-249
23591,4485,0,2023-03-01T18:51:57.232281,1706756,1417,1805,-562,-1187,-799,-295,-57,149,-249
23592,4486,0,2023-03-01T18:51:57.237230,1706760,1420,1807,-561,-1191,-792,-293,-57,149,-249
23593,4487,0,2023-03-01T18:51:57.242303,1706766,1420,1807,-561,-1191,-792,-293,-57,149,-249
23594,4488,0,2023-03-01T18:51:57.247011,1706770,1420,1807,-561,-1191,-792,-293,-57,149,-249
23595,4489,0,2023-03-01T18:51:57.252517,1706775,1420,1807,-561,-1191,-792,-293,-57,149,-249
23596,4490,0,2023-03-01T18:51:57.257392,1706780,1417,1810,-567,-1190,-792,-299,-57,149,-249
23597,4491,0,2023-03-01T18:51:57.263052,1706786,1417,1810,-567,-1190,-792,-299,-57,149,-249
23598,4492,0,2023-03-01T18:51:57.268338,1706790,1417,1810,-567,-1190,-792,-299,-57,149,-249
23599,4493,0,2023-03-01T18:51:57.273735,1706797,1416,1806,-563,-1191,-795,-303,-57,149,-249
23600,4494,0,2023-03-01T18:51:57.280201,1706803,1416,1806,-563,-1191,-795,-303,-57,149,-249
23601,4495,0,2023-03-01T18:51:57.285254,1706808,1416,1806,-563,-1191,-795,-303,-57,149,-249
23602,4496,0,2023-03-01T18:51:57.290100,1706813,1416,1806,-563,-1191,-795,-303,-57,149,-249
23603,4497,0,2023-03-01T18:51:57.295307,1706818,1416,1810,-560,-1193,-802,-300,-61,151,-251
23604,4498,0,2023-03-01T18:51:57.301374,1706824,1416,1810,-560,-1193,-802,-300,-61,151,-251
23605,4499,0,2023-03-01T18:51:57.305957,1706829,1416,1810,-560,-1193,-802,-300,-61,151,-251
23606,4500,0,2023-03-01T18:51:57.310785,1706833,1416,1810,-560,-1193,-802,-300,-61,151,-251
23607,4501,0,2023-03-01T18:51:57.316420,1706840,1416,1808,-560,-1198,-799,-298,-61,151,-251
23608,4502,0,2023-03-01T18:51:57.322375,1706846,1416,1808,-560,-1198,-799,-298,-61,151,-251
23609,4503,0,2023-03-01T18:51:57.327329,1706850,1416,1808,-560,-1198,-799,-298,-61,151,-251
23610,4504,0,2023-03-01T18:51:57.332919,1706856,1416,1808,-560,-1198,-799,-298,-61,151,-251
23611,4505,0,2023-03-01T18:51:57.338472,1706861,1414,1806,-560,-1197,-787,-302,-61,151,-251
23612,4506,0,2023-03-01T18:51:57.344224,1706867,1414,1806,-560,-1197,-787,-302,-61,151,-251
23613,4507,0,2023-03-01T18:51:57.349363,1706872,1414,1806,-560,-1197,-787,-302,-61,151,-251
23614,4508,0,2023-03-01T18:51:57.354731,1706877,1420,1810,-565,-1193,-789,-296,-61,151,-251
23615,4509,0,2023-03-01T18:51:57.361271,1706884,1420,1810,-565,-1193,-789,-296,-61,151,-251
23616,4510,0,2023-03-01T18:51:57.366291,1706889,1420,1810,-565,-1193,-789,-296,-61,151,-251
23617,4511,0,2023-03-01T18:51:57.371864,1706895,1420,1810,-565,-1193,-789,-296,-61,151,-251
23618,4512,0,2023-03-01T18:51:57.376969,1706900,1416,1809,-564,-1179,-790,-290,-61,151,-251
23619,4513,0,2023-03-01T18:51:57.382422,1706905,1416,1809,-564,-1179,-790,-290,-61,151,-251
23620,4514,0,2023-03-01T18:51:57.387621,1706910,1416,1809,-564,-1179,-790,-290,-61,151,-251
23621,4515,0,2023-03-01T18:51:57.393429,1706916,1416,1809,-564,-1179,-790,-290,-61,151,-251
23622,4516,0,2023-03-01T18:51:57.398388,1706921,1415,1805,-562,-1178,-784,-287,-61,151,-251
23623,4517,0,2023-03-01T18:51:57.403767,1706927,1415,1805,-562,-1178,-784,-287,-61,151,-251
23624,4518,0,2023-03-01T18:51:57.408694,1706932,1415,1805,-562,-1178,-784,-287,-61,151,-251
23625,4519,0,2023-03-01T18:51:57.413786,1706937,1421,1812,-568,-1189,-789,-305,-61,151,-251
23626,4520,0,2023-03-01T18:51:57.419368,1706942,1421,1812,-568,-1189,-789,-305,-61,151,-251
23627,4521,0,2023-03-01T18:51:57.424940,1706948,1421,1812,-568,-1189,-789,-305,-61,151,-251
23628,4522,0,2023-03-01T18:51:57.429476,1706952,1421,1812,-568,-1189,-789,-305,-61,151,-251
23629,4523,0,2023-03-01T18:51:57.435127,1706957,1415,1804,-566,-1186,-795,-306,-57,143,-249
23630,4524,0,2023-03-01T18:51:57.440615,1706963,1415,1804,-566,-1186,-795,-306,-57,143,-249
23631,4525,0,2023-03-01T18:51:57.445389,1706969,1415,1804,-566,-1186,-795,-306,-57,143,-249
23632,4526,0,2023-03-01T18:51:57.450270,1706974,1415,1804,-566,-1186,-795,-306,-57,143,-249
23633,4527,0,2023-03-01T18:51:57.456032,1706979,1420,1806,-566,-1188,-785,-294,-57,143,-249
23634,4528,0,2023-03-01T18:51:57.462121,1706985,1420,1806,-566,-1188,-785,-294,-57,143,-249
23635,4529,0,2023-03-01T18:51:57.467099,1706990,1420,1806,-566,-1188,-785,-294,-57,143,-249
23636,4530,0,2023-03-01T18:51:57.473310,1706996,1420,1806,-566,-1188,-785,-294,-57,143,-249
23637,4531,0,2023-03-01T18:51:57.478235,1707001,1418,1811,-565,-1187,-788,-304,-57,143,-249
23638,4532,0,2023-03-01T18:51:57.483476,1707006,1418,1811,-565,-1187,-788,-304,-57,143,-249
23639,4533,0,2023-03-01T18:51:57.488319,1707012,1418,1811,-565,-1187,-788,-304,-57,143,-249
23640,4534,0,2023-03-01T18:51:57.493637,1707017,1418,1811,-565,-1187,-788,-304,-57,143,-249
23641,4535,0,2023-03-01T18:51:57.498205,1707021,1414,1806,-563,-1184,-785,-291,-57,143,-249
23642,4536,0,2023-03-01T18:51:57.503432,1707027,1414,1806,-563,-1184,-785,-291,-57,143,-249
23643,4537,0,2023-03-01T18:51:57.508313,1707031,1414,1806,-563,-1184,-785,-291,-57,143,-249
23644,4538,0,2023-03-01T18:51:57.513457,1707036,1414,1806,-563,-1184,-785,-291,-57,143,-249
23645,4539,0,2023-03-01T18:51:57.518444,1707041,1416,1810,-568,-1190,-793,-303,-57,143,-249
23646,4540,0,2023-03-01T18:51:57.524008,1707046,1416,1810,-568,-1190,-793,-303,-57,143,-249
23647,4541,0,2023-03-01T18:51:57.529244,1707052,1416,1810,-568,-1190,-793,-303,-57,143,-249
23648,4542,0,2023-03-01T18:51:57.535828,1707059,1418,1807,-571,-1191,-795,-301,-57,143,-249
23649,4543,0,2023-03-01T18:51:57.542076,1707065,1418,1807,-571,-1191,-795,-301,-57,143,-249
23650,4544,0,2023-03-01T18:51:57.547271,1707070,1418,1807,-571,-1191,-795,-301,-57,143,-249
23651,4545,0,2023-03-01T18:51:57.552580,1707075,1418,1807,-571,-1191,-795,-301,-57,143,-249
23652,4546,0,2023-03-01T18:51:57.558328,1707081,1413,1807,-564,-1189,-788,-296,-58,150,-250
23653,4547,0,2023-03-01T18:51:57.564082,1707087,1413,1807,-564,-1189,-788,-296,-58,150,-250
23654,4548,0,2023-03-01T18:51:57.568773,1707091,1413,1807,-564,-1189,-788,-296,-58,150,-250
23655,4549,0,2023-03-01T18:51:57.574380,1707097,1419,1808,-566,-1189,-793,-306,-58,150,-250
23656,4550,0,2023-03-01T18:51:57.580800,1707104,1419,1808,-566,-1189,-793,-306,-58,150,-250
23657,4551,0,2023-03-01T18:51:57.585598,1707109,1419,1808,-566,-1189,-793,-306,-58,150,-250
23658,4552,0,2023-03-01T18:51:57.590820,1707114,1419,1808,-566,-1189,-793,-306,-58,150,-250
23659,4553,0,2023-03-01T18:51:57.596357,1707119,1416,1809,-566,-1192,-795,-296,-58,150,-250
23660,4554,0,2023-03-01T18:51:57.602664,1707125,1416,1809,-566,-1192,-795,-296,-58,150,-250
23661,4555,0,2023-03-01T18:51:57.607552,1707130,1416,1809,-566,-1192,-795,-296,-58,150,-250
23662,4556,0,2023-03-01T18:51:57.613226,1707137,1416,1809,-566,-1192,-795,-296,-58,150,-250
23663,4557,0,2023-03-01T18:51:57.618719,1707142,1416,1812,-566,-1184,-793,-299,-58,150,-250
23664,4558,0,2023-03-01T18:51:57.624038,1707147,1416,1812,-566,-1184,-793,-299,-58,150,-250
23665,4559,0,2023-03-01T18:51:57.629124,1707152,1416,1812,-566,-1184,-793,-299,-58,150,-250
23666,4560,0,2023-03-01T18:51:57.634610,1707158,1419,1808,-568,-1181,-794,-293,-58,150,-250
23667,4561,0,2023-03-01T18:51:57.640671,1707163,1419,1808,-568,-1181,-794,-293,-58,150,-250
23668,4562,0,2023-03-01T18:51:57.645592,1707168,1419,1808,-568,-1181,-794,-293,-58,150,-250
23669,4563,0,2023-03-01T18:51:57.650464,1707173,1419,1808,-568,-1181,-794,-293,-58,150,-250
23670,4564,0,2023-03-01T18:51:57.655983,1707179,1416,1805,-568,-1187,-792,-301,-58,150,-250
23671,4565,0,2023-03-01T18:51:57.661640,1707185,1416,1805,-568,-1187,-792,-301,-58,150,-250
23672,4566,0,2023-03-01T18:51:57.666713,1707190,1416,1805,-568,-1187,-792,-301,-58,150,-250
23673,4567,0,2023-03-01T18:51:57.672611,1707196,1416,1805,-568,-1187,-792,-301,-58,150,-250
23674,4568,0,2023-03-01T18:51:57.677388,1707200,1418,1808,-571,-1183,-782,-295,-56,146,-246
23675,4569,0,2023-03-01T18:51:57.682946,1707206,1418,1808,-571,-1183,-782,-295,-56,146,-246
23676,4570,0,2023-03-01T18:51:57.688073,1707211,1418,1808,-571,-1183,-782,-295,-56,146,-246
23677,4571,0,2023-03-01T18:51:57.694032,1707216,1418,1808,-571,-1183,-782,-295,-56,146,-246
23678,4572,0,2023-03-01T18:51:57.699253,1707223,1413,1808,-562,-1198,-794,-306,-56,146,-246
23679,4573,0,2023-03-01T18:51:57.705098,1707228,1413,1808,-562,-1198,-794,-306,-56,146,-246
23680,4574,0,2023-03-01T18:51:57.709927,1707233,1413,1808,-562,-1198,-794,-306,-56,146,-246
23681,4575,0,2023-03-01T18:51:57.715317,1707238,1419,1809,-566,-1198,-788,-299,-56,146,-246
23682,4576,0,2023-03-01T18:51:57.721476,1707244,1419,1809,-566,-1198,-788,-299,-56,146,-246
23683,4577,0,2023-03-01T18:51:57.726549,1707249,1419,1809,-566,-1198,-788,-299,-56,146,-246
23684,4578,0,2023-03-01T18:51:57.731312,1707254,1419,1809,-566,-1198,-788,-299,-56,146,-246
23685,4579,0,2023-03-01T18:51:57.736553,1707259,1420,1812,-564,-1188,-800,-305,-56,146,-246
23686,4580,0,2023-03-01T18:51:57.743041,1707266,1420,1812,-564,-1188,-800,-305,-56,146,-246
23687,4581,0,2023-03-01T18:51:57.747960,1707271,1420,1812,-564,-1188,-800,-305,-56,146,-246
23688,4582,0,2023-03-01T18:51:57.752877,1707276,1420,1812,-564,-1188,-800,-305,-56,146,-246
23689,4583,0,2023-03-01T18:51:57.757779,1707281,1417,1804,-564,-1197,-809,-304,-56,146,-246
23690,4584,0,2023-03-01T18:51:57.763389,1707286,1417,1804,-564,-1197,-809,-304,-56,146,-246
23691,4585,0,2023-03-01T18:51:57.768162,1707291,1417,1804,-564,-1197,-809,-304,-56,146,-246
23692,4586,0,2023-03-01T18:51:57.773596,1707296,1417,1804,-564,-1197,-809,-304,-56,146,-246
23693,4587,0,2023-03-01T18:51:57.778283,1707301,1418,1807,-576,-1196,-812,-308,-56,146,-246
23694,4588,0,2023-03-01T18:51:57.784825,1707307,1418,1807,-576,-1196,-812,-308,-56,146,-246
23695,4589,0,2023-03-01T18:51:57.790146,1707313,1418,1807,-576,-1196,-812,-308,-56,146,-246
23696,4590,0,2023-03-01T18:51:57.795408,1707319,1417,1807,-568,-1198,-808,-301,-56,146,-246
23697,4591,0,2023-03-01T18:51:57.800954,1707324,1417,1807,-568,-1198,-808,-301,-56,146,-246
23698,4592,0,2023-03-01T18:51:57.805908,1707329,1417,1807,-568,-1198,-808,-301,-56,146,-246
23699,4593,0,2023-03-01T18:51:57.810685,1707334,1417,1807,-568,-1198,-808,-301,-56,146,-246
23700,4594,0,2023-03-01T18:51:57.816609,1707339,1418,1805,-562,-1195,-806,-300,-55,145,-249
23701,4595,0,2023-03-01T18:51:57.823674,1707346,1418,1805,-562,-1195,-806,-300,-55,145,-249
23702,4596,0,2023-03-01T18:51:57.828438,1707352,1418,1805,-562,-1195,-806,-300,-55,145,-249
23703,4597,0,2023-03-01T18:51:57.833714,1707357,1418,1805,-562,-1195,-806,-300,-55,145,-249
23704,4598,0,2023-03-01T18:51:57.839333,1707363,1418,1808,-560,-1200,-801,-305,-55,145,-249
23705,4599,0,2023-03-01T18:51:57.844947,1707368,1418,1808,-560,-1200,-801,-305,-55,145,-249
23706,4600,0,2023-03-01T18:51:57.849913,1707373,1418,1808,-560,-1200,-801,-305,-55,145,-249
23707,4601,0,2023-03-01T18:51:57.855301,1707378,1416,1803,-565,-1194,-810,-297,-55,145,-249
23708,4602,0,2023-03-01T18:51:57.862216,1707384,1416,1803,-565,-1194,-810,-297,-55,145,-249
23709,4603,0,2023-03-01T18:51:57.867409,1707390,1416,1803,-565,-1194,-810,-297,-55,145,-249
23710,4604,0,2023-03-01T18:51:57.873268,1707396,1416,1803,-565,-1194,-810,-297,-55,145,-249
23711,4605,0,2023-03-01T18:51:57.878073,1707401,1418,1807,-568,-1200,-803,-301,-55,145,-249
23712,4606,0,2023-03-01T18:51:57.883554,1707406,1418,1807,-568,-1200,-803,-301,-55,145,-249
23713,4607,0,2023-03-01T18:51:57.888690,1707411,1418,1807,-568,-1200,-803,-301,-55,145,-249
23714,4608,0,2023-03-01T18:51:57.893998,1707416,1418,1807,-568,-1200,-803,-301,-55,145,-249
23715,4609,0,2023-03-01T18:51:57.899870,1707422,1420,1807,-568,-1194,-798,-297,-55,145,-249
23716,4610,0,2023-03-01T18:51:57.905543,1707428,1420,1807,-568,-1194,-798,-297,-55,145,-249
23717,4611,0,2023-03-01T18:51:57.910950,1707433,1420,1807,-568,-1194,-798,-297,-55,145,-249
23718,4612,0,2023-03-01T18:51:57.916497,1707440,1414,1806,-565,-1188,-799,-301,-55,145,-249
23719,4613,0,2023-03-01T18:51:57.922421,1707446,1414,1806,-565,-1188,-799,-301,-55,145,-249
23720,4614,0,2023-03-01T18:51:57.927588,1707451,1414,1806,-565,-1188,-799,-301,-55,145,-249
23721,4615,0,2023-03-01T18:51:57.933423,1707456,1414,1806,-565,-1188,-799,-301,-55,145,-249
23722,4616,0,2023-03-01T18:51:57.938965,1707462,1418,1811,-564,-1194,-802,-303,-57,145,-245
23723,4617,0,2023-03-01T18:51:57.944327,1707467,1418,1811,-564,-1194,-802,-303,-57,145,-245
23724,4618,0,2023-03-01T18:51:57.949029,1707472,1418,1811,-564,-1194,-802,-303,-57,145,-245
23725,4619,0,2023-03-01T18:51:57.953774,1707476,1418,1811,-564,-1194,-802,-303,-57,145,-245
23726,4620,0,2023-03-01T18:51:57.958458,1707482,1419,1808,-564,-1192,-803,-299,-57,145,-245
23727,4621,0,2023-03-01T18:51:57.964290,1707487,1419,1808,-564,-1192,-803,-299,-57,145,-245
23728,4622,0,2023-03-01T18:51:57.969040,1707492,1419,1808,-564,-1192,-803,-299,-57,145,-245
23729,4623,0,2023-03-01T18:51:57.974864,1707498,1417,1808,-561,-1190,-798,-296,-57,145,-245
23730,4624,0,2023-03-01T18:51:57.981757,1707505,1417,1808,-561,-1190,-798,-296,-57,145,-245
23731,4625,0,2023-03-01T18:51:57.986851,1707509,1417,1808,-561,-1190,-798,-296,-57,145,-245
23732,4626,0,2023-03-01T18:51:57.992878,1707516,1417,1808,-561,-1190,-798,-296,-57,145,-245
23733,4627,0,2023-03-01T18:51:57.997942,1707521,1421,1809,-572,-1195,-790,-301,-57,145,-245
23734,4628,0,2023-03-01T18:51:58.004098,1707527,1421,1809,-572,-1195,-790,-301,-57,145,-245
23735,4629,0,2023-03-01T18:51:58.009003,1707532,1421,1809,-572,-1195,-790,-301,-57,145,-245
23736,4630,0,2023-03-01T18:51:58.014625,1707538,1421,1809,-572,-1195,-790,-301,-57,145,-245
23737,4631,0,2023-03-01T18:51:58.020056,1707543,1419,1807,-557,-1184,-780,-299,-57,145,-245
23738,4632,0,2023-03-01T18:51:58.025658,1707548,1419,1807,-557,-1184,-780,-299,-57,145,-245
23739,4633,0,2023-03-01T18:51:58.030472,1707553,1419,1807,-557,-1184,-780,-299,-57,145,-245
23740,4634,0,2023-03-01T18:51:58.035216,1707558,1416,1805,-569,-1182,-788,-308,-57,145,-245
23741,4635,0,2023-03-01T18:51:58.041373,1707565,1416,1805,-569,-1182,-788,-308,-57,145,-245
23742,4636,0,2023-03-01T18:51:58.046781,1707569,1416,1805,-569,-1182,-788,-308,-57,145,-245
23743,4637,0,2023-03-01T18:51:58.051397,1707575,1416,1805,-569,-1182,-788,-308,-57,145,-245
23744,4638,0,2023-03-01T18:51:58.056845,1707580,1419,1809,-571,-1187,-792,-304,-57,145,-245
23745,4639,0,2023-03-01T18:51:58.062868,1707586,1419,1809,-571,-1187,-792,-304,-57,145,-245
23746,4640,0,2023-03-01T18:51:58.067780,1707591,1419,1809,-571,-1187,-792,-304,-57,145,-245
23747,4641,0,2023-03-01T18:51:58.073395,1707596,1419,1809,-571,-1187,-792,-304,-57,145,-245
23748,4642,0,2023-03-01T18:51:58.078526,1707601,1418,1804,-565,-1179,-777,-304,-54,144,-246
23749,4643,0,2023-03-01T18:51:58.084064,1707607,1418,1804,-565,-1179,-777,-304,-54,144,-246
23750,4644,0,2023-03-01T18:51:58.089064,1707612,1418,1804,-565,-1179,-777,-304,-54,144,-246
23751,4645,0,2023-03-01T18:51:58.095177,1707618,1418,1804,-565,-1179,-777,-304,-54,144,-246
23752,4646,0,2023-03-01T18:51:58.101262,1707624,1420,1804,-567,-1180,-770,-306,-54,144,-246
23753,4647,0,2023-03-01T18:51:58.107018,1707630,1420,1804,-567,-1180,-770,-306,-54,144,-246
23754,4648,0,2023-03-01T18:51:58.112841,1707635,1420,1804,-567,-1180,-770,-306,-54,144,-246
23755,4649,0,2023-03-01T18:51:58.118319,1707641,1417,1806,-564,-1191,-783,-303,-54,144,-246
23756,4650,0,2023-03-01T18:51:58.123991,1707646,1417,1806,-564,-1191,-783,-303,-54,144,-246
23757,4651,0,2023-03-01T18:51:58.129019,1707652,1417,1806,-564,-1191,-783,-303,-54,144,-246
23758,4652,0,2023-03-01T18:51:58.134948,1707658,1419,1807,-570,-1186,-788,-297,-54,144,-246
23759,4653,0,2023-03-01T18:51:58.141419,1707664,1419,1807,-570,-1186,-788,-297,-54,144,-246
23760,4654,0,2023-03-01T18:51:58.146854,1707670,1419,1807,-570,-1186,-788,-297,-54,144,-246
23761,4655,0,2023-03-01T18:51:58.152610,1707675,1419,1807,-570,-1186,-788,-297,-54,144,-246
23762,4656,0,2023-03-01T18:51:58.157829,1707680,1419,1807,-570,-1186,-788,-297,-54,144,-246
23763,4657,0,2023-03-01T18:51:58.162637,1707685,1419,1807,-570,-1186,-788,-297,-54,144,-246
23764,4658,0,2023-03-01T18:51:58.167657,1707691,1419,1807,-570,-1186,-788,-297,-54,144,-246
23765,4659,0,2023-03-01T18:51:58.172797,1707696,1419,1807,-570,-1186,-788,-297,-54,144,-246
23766,4660,0,2023-03-01T18:51:58.177567,1707701,1415,1803,-567,-1187,-788,-300,-54,144,-246
23767,4661,0,2023-03-01T18:51:58.183759,1707707,1415,1803,-567,-1187,-788,-300,-54,144,-246
23768,4662,0,2023-03-01T18:51:58.188529,1707712,1415,1803,-567,-1187,-788,-300,-54,144,-246
23769,4663,0,2023-03-01T18:51:58.193929,1707716,1415,1803,-567,-1187,-788,-300,-54,144,-246
23770,4664,0,2023-03-01T18:51:58.200044,1707722,1417,1807,-563,-1188,-790,-299,-60,154,-260
23771,4665,0,2023-03-01T18:51:58.205697,1707728,1417,1807,-563,-1188,-790,-299,-60,154,-260
23772,4666,0,2023-03-01T18:51:58.211079,1707734,1417,1807,-563,-1188,-790,-299,-60,154,-260
23773,4667,0,2023-03-01T18:51:58.216349,1707740,1418,1810,-566,-1186,-791,-294,-60,154,-260
23774,4668,0,2023-03-01T18:51:58.221841,1707745,1418,1810,-566,-1186,-791,-294,-60,154,-260
23775,4669,0,2023-03-01T18:51:58.227542,1707750,1418,1810,-566,-1186,-791,-294,-60,154,-260
23776,4670,0,2023-03-01T18:51:58.233269,1707756,1418,1810,-566,-1186,-791,-294,-60,154,-260
23777,4671,0,2023-03-01T18:51:58.238147,1707761,1416,1807,-561,-1182,-782,-303,-60,154,-260
23778,4672,0,2023-03-01T18:51:58.243859,1707766,1416,1807,-561,-1182,-782,-303,-60,154,-260
23779,4673,0,2023-03-01T18:51:58.248833,1707771,1416,1807,-561,-1182,-782,-303,-60,154,-260
23780,4674,0,2023-03-01T18:51:58.254519,1707778,1416,1807,-561,-1182,-782,-303,-60,154,-260
23781,4675,0,2023-03-01T18:51:58.259489,1707783,1415,1810,-571,-1179,-782,-305,-60,154,-260
23782,4676,0,2023-03-01T18:51:58.265046,1707788,1415,1810,-571,-1179,-782,-305,-60,154,-260
23783,4677,0,2023-03-01T18:51:58.269895,1707793,1415,1810,-571,-1179,-782,-305,-60,154,-260
23784,4678,0,2023-03-01T18:51:58.275276,1707798,1417,1804,-565,-1176,-788,-302,-60,154,-260
23785,4679,0,2023-03-01T18:51:58.280807,1707804,1417,1804,-565,-1176,-788,-302,-60,154,-260
23786,4680,0,2023-03-01T18:51:58.285517,1707808,1417,1804,-565,-1176,-788,-302,-60,154,-260
23787,4681,0,2023-03-01T18:51:58.290386,1707813,1417,1804,-565,-1176,-788,-302,-60,154,-260
23788,4682,0,2023-03-01T18:51:58.295531,1707819,1423,1810,-571,-1184,-795,-308,-60,154,-260
23789,4683,0,2023-03-01T18:51:58.300648,1707823,1423,1810,-571,-1184,-795,-308,-60,154,-260
23790,4684,0,2023-03-01T18:51:58.306418,1707830,1423,1810,-571,-1184,-795,-308,-60,154,-260
23791,4685,0,2023-03-01T18:51:58.311765,1707835,1423,1810,-571,-1184,-795,-308,-60,154,-260
23792,4686,0,2023-03-01T18:51:58.317802,1707840,1421,1807,-572,-1188,-798,-307,-60,154,-260
23793,4687,0,2023-03-01T18:51:58.323462,1707846,1421,1807,-572,-1188,-798,-307,-60,154,-260
23794,4688,0,2023-03-01T18:51:58.328100,1707851,1421,1807,-572,-1188,-798,-307,-60,154,-260
23795,4689,0,2023-03-01T18:51:58.332958,1707855,1421,1807,-572,-1188,-798,-307,-60,154,-260
23796,4690,0,2023-03-01T18:51:58.337620,1707860,1415,1807,-562,-1177,-780,-298,-60,154,-260
23797,4691,0,2023-03-01T18:51:58.342985,1707866,1415,1807,-562,-1177,-780,-298,-60,154,-260
23798,4692,0,2023-03-01T18:51:58.348043,1707871,1415,1807,-562,-1177,-780,-298,-60,154,-260
23799,4693,0,2023-03-01T18:51:58.353864,1707877,1415,1807,-562,-1177,-780,-298,-60,154,-260
