,Matrix
0,"[[-0.02790331  0.02877168  0.99919659]
 [ 0.06087558 -0.99768146  0.03042806]
 [ 0.99775538  0.06167571  0.02608735]]"
1,"[[-0.0340198   0.0222316   0.99917388]
 [ 0.07213288 -0.9970906   0.02464122]
 [ 0.9968147   0.07291158  0.03231724]]"
2,"[[-0.03312372  0.0222846   0.99920291]
 [ 0.06780258 -0.99739809  0.02449203]
 [ 0.99714887  0.0685598   0.03152684]]"
3,"[[-0.0393568   0.02742191  0.998849  ]
 [ 0.06560366 -0.99739568  0.02996694]
 [ 0.99706942  0.06670755  0.03745557]]"
4,"[[-0.0376821   0.02764973  0.99890713]
 [ 0.06737051 -0.9972725   0.03014592]
 [ 0.99701613  0.06843285  0.03571643]]"
5,"[[-0.03579677  0.03143686  0.99886453]
 [ 0.060542   -0.99760109  0.03356677]
 [ 0.99752358  0.06167484  0.03380768]]"
6,"[[-0.03348389  0.03204358  0.99892553]
 [ 0.06114648 -0.99754788  0.03404902]
 [ 0.99756709  0.06222087  0.0314426 ]]"
7,"[[-0.0338674   0.02914499  0.99900141]
 [ 0.06393513 -0.9974641   0.03126763]
 [ 0.99737934  0.06493023  0.03191838]]"
8,"[[-0.0352343   0.02737696  0.99900415]
 [ 0.06386308 -0.99751993  0.02958871]
 [ 0.9973366   0.06484201  0.03339878]]"
9,"[[-0.03931682  0.02351662  0.99895018]
 [ 0.06879639 -0.99728702  0.02618518]
 [ 0.99685583  0.06975368  0.03759262]]"
10,"[[-0.04348582  0.02377592  0.99877111]
 [ 0.06815259 -0.99731734  0.02670864]
 [ 0.99672677  0.06923028  0.04174883]]"
11,"[[-0.04397457  0.02537431  0.99871051]
 [ 0.06554545 -0.99745023  0.02822836]
 [ 0.9968803   0.06670226  0.04219959]]"
12,"[[-0.04374582  0.02830368  0.99864183]
 [ 0.06307736 -0.99752597  0.03103519]
 [ 0.99704957  0.06434935  0.04185259]]"
13,"[[-0.04447968  0.02891538  0.99859171]
 [ 0.06227785 -0.99755659  0.03165941]
 [ 0.99706719  0.06359835  0.04257016]]"
14,"[[-0.04515584  0.02758419  0.99859914]
 [ 0.06307793 -0.99754527  0.03040742]
 [ 0.99698661  0.06436264  0.04330523]]"
15,"[[-0.04639988  0.02553624  0.99859656]
 [ 0.06532    -0.99745609  0.02854218]
 [ 0.99678508  0.06655268  0.04461397]]"
16,"[[-0.04678538  0.02294905  0.99864132]
 [ 0.06736885 -0.99738732  0.0260764 ]
 [ 0.99663062  0.06849731  0.04511713]]"
17,"[[-0.04768459  0.02211193  0.99861772]
 [ 0.06709617 -0.99742596  0.02528943]
 [ 0.99660644  0.06820934  0.04607834]]"
18,"[[-0.04788292  0.02262946  0.99859668]
 [ 0.06618732 -0.99747418  0.02577773]
 [ 0.99665774  0.06732874  0.0462644 ]]"
19,"[[-0.04871041  0.02451668  0.99851204]
 [ 0.06387889 -0.99757565  0.0276099 ]
 [ 0.9967682   0.06512873  0.04702629]]"
20,"[[-0.04949221  0.02580059  0.99844134]
 [ 0.06259783 -0.99762083  0.02888234]
 [ 0.99681106  0.0639297   0.04775966]]"
21,"[[-0.04908331  0.02550117  0.99846912]
 [ 0.06387206 -0.99754769  0.0286175 ]
 [ 0.99675035  0.06517892  0.0473342 ]]"
22,"[[-0.05011577  0.02383672  0.99845905]
 [ 0.06547427 -0.9974862   0.02709987]
 [ 0.99659509  0.0667315   0.04842936]]"
23,"[[-0.04990561  0.02283074  0.99849312]
 [ 0.06659496 -0.99743775  0.0261351 ]
 [ 0.99653141  0.06779889  0.04825766]]"
24,"[[-0.05077367  0.02196816  0.99846864]
 [ 0.06650865 -0.99746433  0.02532814]
 [ 0.99649327  0.0676928   0.04918406]]"
25,"[[-0.05118309  0.0219822   0.99844724]
 [ 0.06522559 -0.99754961  0.02530607]
 [ 0.99655694  0.06641956  0.04962369]]"
26,"[[-0.05072357  0.02382027  0.99842857]
 [ 0.06381994 -0.99759496  0.02704265]
 [ 0.99667147  0.06509135  0.04908126]]"
27,"[[-0.05103965  0.02465892  0.99839226]
 [ 0.063308   -0.99760465  0.0278759 ]
 [ 0.99668815  0.06462899  0.04935651]]"
28,"[[-0.05096104  0.0248342   0.99839181]
 [ 0.06369504 -0.99757471  0.02806507]
 [ 0.99666739  0.06502283  0.04925559]]"
29,"[[-0.0513988   0.02368919  0.99839728]
 [ 0.06502007 -0.99751819  0.02701566]
 [ 0.99655943  0.06630443  0.04973111]]"
30,"[[-0.05185797  0.02231597  0.99840512]
 [ 0.06592427 -0.9974931   0.02571974]
 [ 0.99647618  0.06715291  0.05025684]]"
31,"[[-0.05174958  0.02190302  0.99841986]
 [ 0.0659532  -0.99750189  0.02530133]
 [ 0.99647987  0.06715832  0.05017569]]"
32,"[[-0.0522946   0.02172579  0.99839548]
 [ 0.06505274 -0.99756572  0.02511512]
 [ 0.99651075  0.06626174  0.05075425]]"
33,"[[-0.05241601  0.02300214  0.99836043]
 [ 0.06397046 -0.99760404  0.0263433 ]
 [ 0.99657435  0.06524638  0.05081906]]"
34,"[[-0.05216876  0.02371729  0.99835673]
 [ 0.06324651 -0.9976325   0.02700501]
 [ 0.99663361  0.06455139  0.05054548]]"
35,"[[-0.05239484  0.02349735  0.99834996]
 [ 0.0643784  -0.99756408  0.02685752]
 [ 0.99654914  0.06567937  0.05075448]]"
36,"[[-5.20694620e-02  9.03005822e-04  9.98643209e-01]
 [ 4.37824915e-02 -9.99036006e-01  3.18619627e-03]
 [ 9.97683401e-01  4.38889849e-02  5.19800519e-02]]"
37,"[[-5.20641717e-02  3.57101432e-04  9.98643582e-01]
 [ 4.40686321e-02 -9.99024979e-01  2.65474658e-03]
 [ 9.97670831e-01  4.41470779e-02  5.19974709e-02]]"
38,"[[-5.23494269e-02  1.09272170e-05  9.98628818e-01]
 [ 4.41479729e-02 -9.99022297e-01  2.32522544e-03]
 [ 9.97652481e-01  4.42091627e-02  5.22977405e-02]]"
39,"[[-5.21591245e-02 -6.49317042e-05  9.98638766e-01]
 [ 4.31309229e-02 -9.99067033e-01  2.18777730e-03]
 [ 9.97706927e-01  4.31863249e-02  5.21132241e-02]]"
40,"[[-5.25964165e-02  7.94111133e-04  9.98615536e-01]
 [ 4.24484128e-02 -9.99094065e-01  3.03022141e-03]
 [ 9.97713261e-01  4.25490233e-02  5.25150617e-02]]"
41,"[[-0.0521605   0.00107405  0.99863813]
 [ 0.04218164 -0.99910458  0.00327777]
 [ 0.99774745  0.04229516  0.05206847]]"
42,"[[-5.23799420e-02  6.60267981e-04  9.98626917e-01]
 [ 4.30055722e-02 -9.99070576e-01  2.91628368e-03]
 [ 9.97700694e-01  4.30992807e-02  5.23026662e-02]]"
43,"[[-5.28795922e-02  3.35078653e-04  9.98600850e-01]
 [ 4.41903844e-02 -9.99019546e-01  2.67526322e-03]
 [ 9.97622664e-01  4.42700218e-02  5.28129612e-02]]"
44,"[[-5.27854852e-02 -1.10987796e-04  9.98605903e-01]
 [ 4.42148851e-02 -9.99019564e-01  2.22613025e-03]
 [ 9.97626587e-01  4.42707510e-02  5.27387137e-02]]"
45,"[[-5.29113015e-02 -2.57412224e-04  9.98599165e-01]
 [ 4.38856366e-02 -9.99034421e-01  2.06777830e-03]
 [ 9.97634407e-01  4.39335697e-02  5.28714717e-02]]"
46,"[[-5.28555244e-02 -1.66511098e-04  9.98602279e-01]
 [ 4.30699764e-02 -9.99069824e-01  2.11308903e-03]
 [ 9.97673050e-01  4.31214597e-02  5.28137895e-02]]"
47,"[[-5.29608996e-02  2.66155775e-04  9.98596496e-01]
 [ 4.23382523e-02 -9.99100177e-01  2.51171094e-03]
 [ 9.97698605e-01  4.24118552e-02  5.29018599e-02]]"
48,"[[-5.33480639e-02  4.13538948e-04  9.98575976e-01]
 [ 4.26711796e-02 -9.99085540e-01  2.69342489e-03]
 [ 9.97663932e-01  4.27541003e-02  5.32818088e-02]]"
49,"[[-5.30572924e-02  2.79948922e-04  9.98591473e-01]
 [ 4.28969932e-02 -9.99076222e-01  2.55929537e-03]
 [ 9.97669713e-01  4.29723591e-02  5.29963587e-02]]"
50,"[[-5.35771406e-02 -1.82839765e-04  9.98563745e-01]
 [ 4.38693287e-02 -9.99034919e-01  2.17085000e-03]
 [ 9.97599653e-01  4.39226270e-02  5.35335574e-02]]"
51,"[[-5.31671717e-02 -6.57192046e-04  9.98585532e-01]
 [ 4.44021775e-02 -9.99012279e-01  1.70661489e-03]
 [ 9.97598087e-01  4.44301024e-02  5.31440972e-02]]"
52,"[[-5.33192288e-02 -5.97218384e-04  9.98577256e-01]
 [ 4.34956098e-02 -9.99052129e-01  1.72495046e-03]
 [ 9.97629703e-01  4.35257034e-02  5.32944892e-02]]"
53,"[[-5.30929112e-02 -4.87815648e-04  9.98589548e-01]
 [ 4.29722791e-02 -9.99074650e-01  1.79669737e-03]
 [ 9.97664627e-01  4.30070567e-02  5.30649354e-02]]"
54,"[[-5.30983800e-02 -4.38168462e-04  9.98589384e-01]
 [ 4.29303113e-02 -9.99076367e-01  1.84437665e-03]
 [ 9.97666246e-01  4.29676781e-02  5.30685573e-02]]"
55,"[[-5.28288295e-02 -1.67962412e-04  9.98603686e-01]
 [ 4.31482546e-02 -9.99066443e-01  2.11462418e-03]
 [ 9.97671077e-01  4.31997141e-02  5.27870060e-02]]"
56,"[[-5.23826646e-02 -2.95534391e-04  9.98627020e-01]
 [ 4.38458394e-02 -9.99036298e-01  2.00426310e-03]
 [ 9.97664049e-01  4.38906295e-02  5.23450942e-02]]"
57,"[[-5.21427563e-02 -3.74665136e-04  9.98639718e-01]
 [ 4.41337803e-02 -9.99023767e-01  1.92958915e-03]
 [ 9.97664090e-01  4.41743535e-02  5.21086983e-02]]"
58,"[[-5.19288325e-02 -4.48039905e-04  9.98650698e-01]
 [ 4.43928778e-02 -9.99012418e-01  1.86018332e-03]
 [ 9.97663616e-01  4.44295751e-02  5.18974605e-02]]"
59,"[[-5.19947717e-02 -2.08382179e-04  9.98647364e-01]
 [ 4.38066468e-02 -9.99037879e-01  2.07233937e-03]
 [ 9.97686113e-01  4.38551419e-02  5.19539363e-02]]"
60,"[[-5.17767239e-02  5.77836562e-05  9.98658879e-01]
 [ 4.32976018e-02 -9.99059566e-01  2.30263430e-03]
 [ 9.97719839e-01  4.33587489e-02  5.17259400e-02]]"
61,"[[-5.15106592e-02  3.33070192e-04  9.98672294e-01]
 [ 4.30715393e-02 -9.99068724e-01  2.55479107e-03]
 [ 9.97743106e-01  4.31459560e-02  5.14481431e-02]]"
62,"[[-5.15577998e-02  3.70952873e-04  9.98670049e-01]
 [ 4.33106015e-02 -9.99058254e-01  2.60707499e-03]
 [ 9.97730523e-01  4.33874111e-02  5.14934017e-02]]"
63,"[[-5.12344838e-02  2.24137209e-04  9.98686768e-01]
 [ 4.39176788e-02 -9.99032082e-01  2.47727970e-03]
 [ 9.97720677e-01  4.39869206e-02  5.11753483e-02]]"
64,"[[-5.13025695e-02  1.18213791e-04  9.98683226e-01]
 [ 4.41010074e-02 -9.99024233e-01  2.38373584e-03]
 [ 9.97709026e-01  4.41652247e-02  5.12474578e-02]]"
65,"[[-5.11562707e-02  6.81897790e-05  9.98690681e-01]
 [ 4.41419739e-02 -9.99022553e-01  2.32931276e-03]
 [ 9.97714672e-01  4.42033359e-02  5.11033056e-02]]"
66,"[[-5.11133713e-02  1.46948179e-04  9.98692800e-01]
 [ 4.38340415e-02 -9.99035967e-01  2.39043480e-03]
 [ 9.97730378e-01  4.38989269e-02  5.10575580e-02]]"
67,"[[-5.10219665e-02  2.16057647e-04  9.98697544e-01]
 [ 4.36332203e-02 -9.99044625e-01  2.44529048e-03]
 [ 9.97743941e-01  4.37011519e-02  5.09638697e-02]]"
68,"[[-5.06434589e-02  3.24882308e-04  9.98716855e-01]
 [ 4.36930491e-02 -9.99041772e-01  2.54060323e-03]
 [ 9.97760682e-01  4.37656447e-02  5.05809690e-02]]"
69,"[[-5.05766394e-02  4.92866014e-04  9.98720065e-01]
 [ 4.37595432e-02 -9.99038419e-01  2.70907033e-03]
 [ 9.97761050e-01  4.38405493e-02  5.05064463e-02]]"
70,"[[-5.04959076e-02  4.41300571e-04  9.98724279e-01]
 [ 4.42113470e-02 -9.99018614e-01  2.67677949e-03]
 [ 9.97745326e-01  4.42901073e-02  5.04270688e-02]]"
71,"[[-5.01721491e-02  6.52477874e-04  9.98740430e-01]
 [ 4.41489631e-02 -9.99020835e-01  2.87050573e-03]
 [ 9.97764372e-01  4.42373713e-02  5.00943399e-02]]"
72,"[[-4.99296193e-02  5.88997197e-04  9.98752655e-01]
 [ 4.39870992e-02 -9.99028209e-01  2.78816597e-03]
 [ 9.97783718e-01  4.40714402e-02  4.98553797e-02]]"
73,"[[-4.96440875e-02  9.01486862e-04  9.98766619e-01]
 [ 4.36471908e-02 -9.99042287e-01  3.07123899e-03]
 [ 9.97812856e-01  4.37458238e-02  4.95573087e-02]]"
74,"[[-0.04958494  0.00115455  0.99876933]
 [ 0.04347122 -0.99904919  0.00331306]
 [ 0.99782352  0.043582    0.0494878 ]]"
75,"[[-4.93725251e-02  9.90323106e-04  9.98780108e-01]
 [ 4.35818041e-02 -9.99044912e-01  3.14496525e-03]
 [ 9.97829299e-01  4.36839068e-02  4.92825576e-02]]"
76,"[[-0.04922195  0.00115766  0.99878731]
 [ 0.04374769 -0.99903712  0.00331392]
 [ 0.99782943  0.04385775  0.04912415]]"
77,"[[-0.04886902  0.00113253  0.99880452]
 [ 0.04407814 -0.99902267  0.00328941]
 [ 0.99783208  0.04418619  0.04877126]]"
78,"[[-4.86096983e-02  9.52384955e-04  9.98817517e-01]
 [ 4.41378924e-02 -9.99020637e-01  3.10065408e-03]
 [ 9.97842265e-01  4.42364167e-02  4.85203104e-02]]"
79,"[[-4.82589455e-02  7.97579080e-04  9.98834567e-01]
 [ 4.36477750e-02 -9.99042754e-01  2.90659991e-03]
 [ 9.97880754e-01  4.37371747e-02  4.81779941e-02]]"
80,"[[-4.93282021e-02  9.89404401e-04  9.98782029e-01]
 [ 4.35223603e-02 -9.99047521e-01  3.13916033e-03]
 [ 9.97833816e-01  4.36242049e-02  4.92379381e-02]]"
81,"[[-4.88425642e-02  7.91483133e-04  9.98806196e-01]
 [ 4.33982445e-02 -9.99053603e-01  2.91389518e-03]
 [ 9.97863236e-01  4.34887567e-02  4.87620335e-02]]"
82,"[[-4.96430848e-02  5.67438876e-04  9.98766773e-01]
 [ 4.34031133e-02 -9.99053925e-01  2.72492287e-03]
 [ 9.97823411e-01  4.34848648e-02  4.95713062e-02]]"
83,"[[-4.98613562e-02  6.13850327e-04  9.98756027e-01]
 [ 4.36447270e-02 -9.99043211e-01  2.79292571e-03]
 [ 9.97802143e-01  4.37296904e-02  4.97869984e-02]]"
84,"[[-4.94299847e-02  4.69833665e-04  9.98777544e-01]
 [ 4.38109097e-02 -9.99036358e-01  2.63818153e-03]
 [ 9.97816320e-01  4.38877553e-02  4.93619017e-02]]"
85,"[[-5.00970809e-02  3.82664813e-04  9.98744344e-01]
 [ 4.39759271e-02 -9.99029237e-01  2.58861232e-03]
 [ 9.97775791e-01  4.40503876e-02  5.00317556e-02]]"
86,"[[-4.98666315e-02  3.06295153e-04  9.98755889e-01]
 [ 4.36036284e-02 -9.99045823e-01  2.48346100e-03]
 [ 9.97803660e-01  4.36732203e-02  4.98058010e-02]]"
87,"[[-5.02571566e-02  3.92579313e-04  9.98736342e-01]
 [ 4.33093656e-02 -9.99058398e-01  2.57207044e-03]
 [ 9.97796940e-01  4.33838976e-02  5.01930607e-02]]"
88,"[[-5.08660590e-02  4.70458156e-04  9.98705464e-01]
 [ 4.37767841e-02 -9.99037688e-01  2.70025773e-03]
 [ 9.97745669e-01  4.38574610e-02  5.07967065e-02]]"
89,"[[-5.06296792e-02  3.18193753e-04  9.98717329e-01]
 [ 4.34723276e-02 -9.99051448e-01  2.52211165e-03]
 [ 9.97770796e-01  4.35442656e-02  5.05675789e-02]]"
90,"[[-5.11689248e-02  2.16175451e-04  9.98689873e-01]
 [ 4.38024957e-02 -9.99037180e-01  2.46051214e-03]
 [ 9.97728847e-01  4.38710157e-02  5.11099457e-02]]"
91,"[[-5.10218838e-02  2.02730466e-04  9.98697538e-01]
 [ 4.39292501e-02 -9.99031648e-01  2.44707557e-03]
 [ 9.97730943e-01  4.39968873e-02  5.09636205e-02]]"
92,"[[-5.14164987e-02  1.58818767e-04  9.98677458e-01]
 [ 4.35658406e-02 -9.99047671e-01  2.40185504e-03]
 [ 9.97726770e-01  4.36317104e-02  5.13609792e-02]]"
93,"[[-5.16354118e-02  3.65983024e-04  9.98666130e-01]
 [ 4.36183155e-02 -9.99044829e-01  2.62138873e-03]
 [ 9.97713193e-01  4.36954824e-02  5.15705368e-02]]"
94,"[[-5.13480050e-02  2.87846414e-04  9.98680718e-01]
 [ 4.33008952e-02 -9.99058912e-01  2.51430437e-03]
 [ 9.97741596e-01  4.33728763e-02  5.12870889e-02]]"
95,"[[-5.16848910e-02  2.13290092e-04  9.98663441e-01]
 [ 4.35111827e-02 -9.99049898e-01  2.46525410e-03]
 [ 9.97715135e-01  4.35804429e-02  5.16265487e-02]]"
96,"[[-5.16958702e-02  2.89765564e-05  9.98662868e-01]
 [ 4.39789456e-02 -9.99029798e-01  2.30556086e-03]
 [ 9.97694030e-01  4.40393282e-02  5.16444272e-02]]"
97,"[[-5.19151753e-02  1.02042368e-04  9.98651494e-01]
 [ 4.36537301e-02 -9.99043907e-01  2.37143380e-03]
 [ 9.97696932e-01  4.37179761e-02  5.18610875e-02]]"
98,"[[-5.20020987e-02 -4.74825031e-05  9.98646867e-01]
 [ 4.37749908e-02 -9.99038922e-01  2.23196974e-03]
 [ 9.97686984e-01  4.38318293e-02  5.19539737e-02]]"
99,"[[-5.21270209e-02  2.52985967e-05  9.98640440e-01]
 [ 4.36153613e-02 -9.99045745e-01  2.30194190e-03]
 [ 9.97687541e-01  4.36760579e-02  5.20761277e-02]]"
100,"[[-5.22637481e-02  4.48977714e-05  9.98633288e-01]
 [ 4.34960823e-02 -9.99050901e-01  2.32129473e-03]
 [ 9.97685590e-01  4.35579564e-02  5.22121341e-02]]"
101,"[[-5.19070908e-02 -2.14122602e-04  9.98651807e-01]
 [ 4.36734094e-02 -9.99043746e-01  2.05580938e-03]
 [ 9.97696402e-01  4.37212442e-02  5.18666205e-02]]"
102,"[[-5.23473559e-02 -3.39411276e-04  9.98628884e-01]
 [ 4.38964830e-02 -9.99034159e-01  1.96147096e-03]
 [ 9.97663702e-01  4.39389734e-02  5.23117049e-02]]"
103,"[[-5.25862436e-02 -3.99630228e-04  9.98616274e-01]
 [ 4.41298628e-02 -9.99023950e-01  1.92404439e-03]
 [ 9.97640806e-01  4.41699789e-02  5.25524836e-02]]"
104,"[[-5.22182757e-02 -4.01352759e-04  9.98635717e-01]
 [ 4.38567695e-02 -9.99036038e-01  1.89174456e-03]
 [ 9.97672311e-01  4.38957156e-02  5.21857563e-02]]"
105,"[[-5.24717606e-02 -2.19574930e-04  9.98622555e-01]
 [ 4.41762413e-02 -9.99021543e-01  2.10154773e-03]
 [ 9.97644984e-01  4.42256553e-02  5.24304782e-02]]"
106,"[[-5.20521748e-02 -2.59814630e-04  9.98644297e-01]
 [ 4.40383030e-02 -9.99027770e-01  2.03548526e-03]
 [ 9.97672856e-01  4.40845532e-02  5.20129336e-02]]"
107,"[[-5.21527446e-02 -1.93124577e-04  9.98639167e-01]
 [ 4.37489464e-02 -9.99040367e-01  2.09153765e-03]
 [ 9.97680436e-01  4.37984879e-02  5.21112856e-02]]"
108,"[[-5.22070144e-02 -4.66014171e-04  9.98636249e-01]
 [ 4.39212963e-02 -9.99033318e-01  1.82993504e-03]
 [ 9.97670033e-01  4.39569308e-02  5.21771710e-02]]"
109,"[[-5.20310935e-02 -3.02910733e-04  9.98645313e-01]
 [ 4.37139482e-02 -9.99042137e-01  1.97453395e-03]
 [ 9.97688149e-01  4.37574713e-02  5.19942720e-02]]"
110,"[[-5.34047574e-02 -6.73753069e-05  9.98572939e-01]
 [ 4.37914181e-02 -9.99038106e-01  2.27460525e-03]
 [ 9.97612264e-01  4.38504001e-02  5.33563238e-02]]"
111,"[[-5.49810337e-02 -5.16154603e-04  9.98487288e-01]
 [ 4.35629279e-02 -9.99048912e-01  1.88231954e-03]
 [ 9.97536667e-01  4.36005206e-02  5.49512744e-02]]"
112,"[[-5.43777284e-02 -8.69077241e-04  9.98520093e-01]
 [ 4.33730674e-02 -9.99057831e-01  1.49248075e-03]
 [ 9.97578021e-01  4.33900355e-02  5.43642631e-02]]"
113,"[[-5.46541045e-02 -8.69194343e-04  9.98505007e-01]
 [ 4.34028377e-02 -9.99056518e-01  1.50602213e-03]
 [ 9.97561626e-01  4.34202594e-02  5.46403438e-02]]"
114,"[[-5.64450860e-02 -6.64747691e-04  9.98405576e-01]
 [ 4.32999850e-02 -9.99060525e-01  1.78279490e-03]
 [ 9.97466414e-01  4.33315724e-02  5.64210362e-02]]"
115,"[[-5.65503441e-02 -4.06663864e-04  9.98399644e-01]
 [ 4.34911543e-02 -9.99051696e-01  2.05645158e-03]
 [ 9.97452021e-01  4.35378470e-02  5.65143572e-02]]"
116,"[[-5.70970362e-02 -3.83558552e-04  9.98368754e-01]
 [ 4.36482294e-02 -9.99044729e-01  2.11244722e-03]
 [ 9.97414231e-01  4.36976343e-02  5.70596466e-02]]"
117,"[[-5.87386044e-02 -2.54687398e-04  9.98273264e-01]
 [ 4.34803384e-02 -9.99051627e-01  2.30350144e-03]
 [ 9.97325942e-01  4.35405682e-02  5.86937576e-02]]"
118,"[[-5.90051135e-02 -7.77748308e-04  9.98257387e-01]
 [ 4.34579782e-02 -9.99053652e-01  1.79035096e-03]
 [ 9.97311295e-01  4.34878872e-02  5.89830932e-02]]"
119,"[[-0.06081492 -0.00162723  0.99814773]
 [ 0.04318167 -0.99906673  0.00100224]
 [ 0.99721456  0.04316263  0.06082843]]"
120,"[[-6.35530425e-02 -2.30071487e-03  9.97975788e-01]
 [ 4.31839786e-02 -9.99067037e-01  4.46808297e-04]
 [ 9.97043685e-01  4.31249621e-02  6.35930561e-02]]"
121,"[[-6.40035669e-02 -2.43255777e-03  9.97946769e-01]
 [ 4.30154158e-02 -9.99074356e-01  3.23500957e-04]
 [ 9.97022239e-01  4.29477975e-02  6.40490967e-02]]"
122,"[[-6.53829387e-02 -2.88311415e-03  9.97856117e-01]
 [ 4.29774539e-02 -9.99076040e-01 -7.06078737e-05]
 [ 9.96934342e-01  4.28806970e-02  6.54465133e-02]]"
123,"[[-6.68906940e-02 -3.58626734e-03  9.97753810e-01]
 [ 4.27278133e-02 -9.99086486e-01 -7.26532356e-04]
 [ 9.96844953e-01  4.25832428e-02  6.69827054e-02]]"
124,"[[-0.06725235 -0.0044538   0.99772593]
 [ 0.04247903 -0.99909608 -0.0015966 ]
 [ 0.99683118  0.04227506  0.06738047]]"
125,"[[-0.06786648 -0.00498301  0.99768198]
 [ 0.04250413 -0.99909409 -0.00209876]
 [ 0.99678863  0.04226316  0.06801684]]"
126,"[[-0.06892394 -0.00596372  0.99760429]
 [ 0.04196798 -0.99911423 -0.0030732 ]
 [ 0.99673897  0.04165561  0.0691136 ]]"
127,"[[-0.07037681 -0.00699155  0.99749609]
 [ 0.0417814  -0.99911855 -0.00405509]
 [ 0.9966452   0.0413914   0.07060714]]"
128,"[[-0.0712633  -0.00818851  0.9974239 ]
 [ 0.04193357 -0.99910684 -0.00520628]
 [ 0.99657567  0.04145453  0.07154296]]"
129,"[[-0.07238989 -0.00878235  0.9973378 ]
 [ 0.04156785 -0.99911896 -0.00578091]
 [ 0.99650987  0.04103871  0.07269129]]"
130,"[[-0.07289762 -0.00911646  0.99729778]
 [ 0.04141195 -0.9991235  -0.00610613]
 [ 0.99647931  0.04085493  0.07321128]]"
131,"[[-0.07413032 -0.00995236  0.99719906]
 [ 0.04139281 -0.99911916 -0.00689444]
 [ 0.99638931  0.04076578  0.07447734]]"
132,"[[-0.07524801 -0.01055543  0.99710896]
 [ 0.04111902 -0.9991263  -0.00747369]
 [ 0.99631668  0.04043776  0.07561625]]"
133,"[[-0.07622381 -0.01122608  0.99702741]
 [ 0.04098159 -0.99912693 -0.00811664]
 [ 0.99624806  0.0402411   0.07661706]]"
134,"[[-0.07726072 -0.01216882  0.99693657]
 [ 0.0409013  -0.99912242 -0.00902572]
 [ 0.99617152  0.04007867  0.07769046]]"
135,"[[-0.0778866  -0.01240413  0.99688522]
 [ 0.04047399 -0.99913759 -0.00926992]
 [ 0.99614048  0.03962591  0.07832183]]"
136,"[[-0.07814152 -0.01319885  0.99685497]
 [ 0.0402916  -0.99913721 -0.01007069]
 [ 0.99612782  0.03937793  0.07860605]]"
137,"[[-0.07946449 -0.01372037  0.99674326]
 [ 0.0399873  -0.99914433 -0.01056547]
 [ 0.99603534  0.03901749  0.07994512]]"
138,"[[-0.08036594 -0.0146236   0.99665816]
 [ 0.03964035 -0.99914825 -0.01146372]
 [ 0.9959769   0.03858659  0.0808772 ]]"
139,"[[-0.08048339 -0.01480123  0.99664604]
 [ 0.03938821 -0.99915598 -0.01165774]
 [ 0.99597739  0.03831785  0.08099842]]"
140,"[[-0.08174582 -0.01559092  0.9965312 ]
 [ 0.03902968 -0.99916073 -0.01243044]
 [ 0.99588865  0.03787816  0.08228561]]"
141,"[[-0.08262054 -0.01634804  0.99644683]
 [ 0.03879398 -0.99916036 -0.01317596]
 [ 0.99582557  0.03756754  0.08318503]]"
142,"[[-0.08336057 -0.01706203  0.9963733 ]
 [ 0.03828729 -0.99917    -0.01390665]
 [ 0.99578359  0.03698917  0.08394448]]"
143,"[[-0.08381683 -0.01730243  0.9963309 ]
 [ 0.03813547 -0.99917248 -0.01414361]
 [ 0.99575114  0.03681008  0.0844072 ]]"
144,"[[-0.08528338 -0.01820324  0.99619042]
 [ 0.03812989 -0.9991603  -0.01499323]
 [ 0.99562685  0.03670596  0.08590582]]"
145,"[[-0.08641241 -0.01891092  0.99608   ]
 [ 0.03780897 -0.99916181 -0.01568941]
 [ 0.9955418   0.03630499  0.08705509]]"
146,"[[-0.08735203 -0.01955627  0.99598539]
 [ 0.0374576  -0.99916472 -0.01633351]
 [ 0.99547289  0.03588046  0.08801129]]"
147,"[[-0.08783195 -0.02001073  0.99593436]
 [ 0.03722086 -0.99916595 -0.01679313]
 [ 0.99543974  0.03559456  0.08850365]]"
148,"[[-0.08919237 -0.02075847  0.99579815]
 [ 0.03693828 -0.99916396 -0.01752011]
 [ 0.99532931  0.03522041  0.08988476]]"
149,"[[-0.09038849 -0.02137411  0.99567721]
 [ 0.03664428 -0.99916404 -0.01812236]
 [ 0.99523221  0.03484782  0.09109622]]"
150,"[[-0.09128135 -0.02199093  0.9955822 ]
 [ 0.03644469 -0.99916016 -0.01872848]
 [ 0.99515793  0.03457413  0.09200591]]"
151,"[[-0.09245209 -0.02276707  0.99545675]
 [ 0.03627711 -0.99915184 -0.01948238]
 [ 0.99505601  0.03431111  0.09319946]]"
152,"[[-0.0930038  -0.0233867   0.99539119]
 [ 0.03622054 -0.99914185 -0.02009057]
 [ 0.99500685  0.0341851   0.09377136]]"
153,"[[-0.09386146 -0.02373601  0.99530228]
 [ 0.03587374 -0.99914718 -0.02044465]
 [ 0.99493874  0.03378625  0.09463291]]"
154,"[[-0.09495786 -0.02461137  0.99517707]
 [ 0.03557645 -0.99913963 -0.02131473]
 [ 0.99484543  0.03338087  0.09575187]]"
155,"[[-0.0962072  -0.0253852   0.99503761]
 [ 0.0353172  -0.99913232 -0.02207495]
 [ 0.99473462  0.03301817  0.09702035]]"
156,"[[-0.09664195 -0.02558735  0.99499022]
 [ 0.03498342 -0.99913915 -0.02229616]
 [ 0.99470418  0.03265342  0.0974538 ]]"
157,"[[-0.09752757 -0.02654372  0.99487885]
 [ 0.03504849 -0.9991158  -0.02322097]
 [ 0.99461555  0.03260431  0.09837179]]"
158,"[[-0.09902437 -0.02719769  0.99471332]
 [ 0.03495517 -0.99910454 -0.02383794]
 [ 0.99447093  0.03240983  0.09988653]]"
159,"[[-0.10034285 -0.02792001  0.99456114]
 [ 0.03464641 -0.99909801 -0.02455184]
 [ 0.99434954  0.03199437  0.10121975]]"
160,"[[-0.1011886  -0.0286898   0.99445361]
 [ 0.03453129 -0.99908308 -0.0253097 ]
 [ 0.99426791  0.0317787   0.10208676]]"
161,"[[-0.10156448 -0.02887995  0.99440969]
 [ 0.03449547 -0.99907968 -0.02549237]
 [ 0.99423073  0.03171351  0.10246727]]"
162,"[[-0.10297968 -0.02968476  0.99424047]
 [ 0.03447697 -0.9990605  -0.02625768]
 [ 0.99408583  0.03157438  0.10390648]]"
163,"[[-0.10369171 -0.0305677   0.99413979]
 [ 0.03411979 -0.99904864 -0.02715984]
 [ 0.99402422  0.03110358  0.10463633]]"
164,"[[-0.10434654 -0.03117631  0.99405231]
 [ 0.03343751 -0.99905345 -0.02782319]
 [ 0.99397881  0.03033538  0.1052904 ]]"
165,"[[-0.10530527 -0.03196323  0.99392611]
 [ 0.03339279 -0.99903331 -0.02858954]
 [ 0.99387911  0.03017934  0.10627078]]"
166,"[[-0.10577414 -0.03202295  0.99387445]
 [ 0.03341278 -0.9990314  -0.02863312]
 [ 0.99382869  0.03017947  0.10674172]]"
167,"[[-0.10671059 -0.03295641  0.99374373]
 [ 0.03315406 -0.99901269 -0.02957099]
 [ 0.99373716  0.02979111  0.10769774]]"
168,"[[-0.10747295 -0.03391895  0.99362934]
 [ 0.03292602 -0.99899106 -0.03054063]
 [ 0.99366274  0.02943396  0.10848156]]"
169,"[[-0.10878536 -0.03447645  0.9934671 ]
 [ 0.03265468 -0.99898296 -0.03109216]
 [ 0.99352865  0.02905898  0.10980027]]"
170,"[[-0.10992157 -0.03540554  0.99330953]
 [ 0.032409   -0.99896163 -0.03202056]
 [ 0.99341181  0.02867242  0.11095503]]"
171,"[[-0.11034607 -0.03573735  0.99325056]
 [ 0.03220404 -0.99895716 -0.03236494]
 [ 0.99337139  0.02841533  0.11138198]]"
172,"[[-0.11126875 -0.03642198  0.99312279]
 [ 0.03189982 -0.99894411 -0.03306144]
 [ 0.99327833  0.02800173  0.11231332]]"
173,"[[-0.11208734 -0.037337    0.99299682]
 [ 0.03154087 -0.99892402 -0.0339996 ]
 [ 0.99319782  0.02750904  0.11314473]]"
174,"[[-0.11262257 -0.03810746  0.99290704]
 [ 0.03141427 -0.99890134 -0.03477429]
 [ 0.99314134  0.02727506  0.11369642]]"
175,"[[-0.11397221 -0.0388885   0.99272249]
 [ 0.03127352 -0.99887884 -0.03553922]
 [ 0.99299155  0.02699544  0.11506052]]"
176,"[[-0.11489894 -0.03950415  0.99259139]
 [ 0.03141864 -0.99885358 -0.03611646]
 [ 0.99288021  0.02703613  0.11600839]]"
177,"[[-0.11609376 -0.04006369  0.99242997]
 [ 0.03140887 -0.99883452 -0.03664805]
 [ 0.99274158  0.02691649  0.11721694]]"
178,"[[-0.11726529 -0.04113689  0.99224835]
 [ 0.03119068 -0.99880136 -0.03772241]
 [ 0.99261079  0.02652536  0.11840802]]"
179,"[[-0.1184275  -0.04201397  0.99207337]
 [ 0.03077787 -0.99877971 -0.03862391]
 [ 0.9924855   0.02595978  0.11957587]]"
180,"[[-0.11910108 -0.04219475  0.99198528]
 [ 0.0305814  -0.99877846 -0.03881199]
 [ 0.99241119  0.02571374  0.12024627]]"
181,"[[-0.12000955 -0.04309888  0.99183683]
 [ 0.03049093 -0.99874593 -0.03970978]
 [ 0.99230445  0.02547647  0.12117329]]"
182,"[[-0.12109553 -0.04372278  0.9916776 ]
 [ 0.03036053 -0.99872521 -0.04032614]
 [ 0.99217659  0.02522453  0.12226892]]"
183,"[[-0.12210023 -0.04488699  0.99150238]
 [ 0.030037   -0.99868635 -0.04151327]
 [ 0.9920633   0.02471296  0.12328841]]"
184,"[[-0.12297733 -0.04576671  0.99135362]
 [ 0.03003144 -0.99865019 -0.04237817]
 [ 0.99195499  0.02456022  0.1241858 ]]"
185,"[[-0.12369029 -0.04613546  0.9912478 ]
 [ 0.02981078 -0.99864054 -0.04275968]
 [ 0.99187298  0.02426091  0.12489745]]"
186,"[[-0.1244927  -0.04717441  0.99109844]
 [ 0.02974426 -0.99859765 -0.04379515]
 [ 0.99177458  0.02402731  0.12572125]]"
187,"[[-0.12602753 -0.04802241  0.99086385]
 [ 0.02956162 -0.99856585 -0.04463576]
 [ 0.99158632  0.0236662   0.12726671]]"
188,"[[-0.12724515 -0.04862428  0.99067875]
 [ 0.02936837 -0.99854444 -0.0452382 ]
 [ 0.99143644  0.02333827  0.128488  ]]"
189,"[[-0.12805673 -0.04967224  0.99052224]
 [ 0.02955575 -0.99849252 -0.0462509 ]
 [ 0.99132644  0.02335288  0.12933199]]"
190,"[[-0.12888111 -0.05015368  0.99039103]
 [ 0.02926384 -0.99847764 -0.04675504]
 [ 0.99122824  0.0229568   0.13015275]]"
191,"[[-0.13002228 -0.05100053  0.99019858]
 [ 0.0290192  -0.99844415 -0.04761473]
 [ 0.99108636  0.02254379  0.13130006]]"
192,"[[-0.13129049 -0.05207791  0.98997505]
 [ 0.02924267 -0.9983881  -0.04864231]
 [ 0.99091249  0.02256325  0.13260164]]"
193,"[[-0.13223279 -0.05279047  0.98981191]
 [ 0.02878727 -0.99836409 -0.04940079]
 [ 0.99080055  0.02196159  0.1335361 ]]"
194,"[[-0.13331561 -0.05355489  0.98962564]
 [ 0.02848774 -0.9983334  -0.05018845]
 [ 0.99066417  0.02150129  0.13461919]]"
195,"[[-0.13384983 -0.05409425  0.98952412]
 [ 0.02836686 -0.99830909 -0.0507374 ]
 [ 0.99059552  0.0212785   0.13515793]]"
196,"[[-0.13527907 -0.05473349  0.98929473]
 [ 0.02820109 -0.99828121 -0.05137437]
 [ 0.99040623  0.0209493   0.13659037]]"
197,"[[-0.13650961 -0.05559354  0.98907762]
 [ 0.0280847  -0.99823997 -0.05223237]
 [ 0.99024059  0.02064772  0.13783074]]"
198,"[[-0.13776707 -0.05639636  0.98885783]
 [ 0.02796448 -0.99820111 -0.05303324]
 [ 0.99006987  0.02034666  0.13909649]]"
199,"[[-0.13853874 -0.05687429  0.98872269]
 [ 0.02811104 -0.99817321 -0.05347902]
 [ 0.98995809  0.0203851   0.13988472]]"
200,"[[-0.13973315 -0.05781622  0.98849983]
 [ 0.02792258 -0.99812698 -0.0544322 ]
 [ 0.98979542  0.01999549  0.14108579]]"
201,"[[-0.14154952 -0.05875549  0.98818613]
 [ 0.02772416 -0.99808078 -0.05537255]
 [ 0.98954303  0.01955866  0.14290714]]"
202,"[[-0.14270372 -0.0595203   0.98797415]
 [ 0.02779338 -0.99803756 -0.05611207]
 [ 0.98937511  0.01945174  0.14407787]]"
203,"[[-0.1443015  -0.06037117  0.98769048]
 [ 0.02771248 -0.99799223 -0.05695206]
 [ 0.98914568  0.01915308  0.14568491]]"
204,"[[-0.14590014 -0.06136087  0.98739443]
 [ 0.02787009 -0.99793343 -0.05789764]
 [ 0.98890656  0.0190715   0.14730848]]"
205,"[[-0.14716921 -0.06223677  0.98715139]
 [ 0.0274858  -0.99789037 -0.05881611]
 [ 0.98872939  0.01847673  0.14856943]]"
206,"[[-0.14841757 -0.06266936  0.98693708]
 [ 0.02779283 -0.99786015 -0.05918342]
 [ 0.98853418  0.01864591  0.14984178]]"
207,"[[-0.14894946 -0.06345892  0.98680644]
 [ 0.02749686 -0.99781858 -0.06001668]
 [ 0.9884624   0.01819463  0.15036937]]"
208,"[[-0.1500342  -0.06447437  0.98657617]
 [ 0.02749272 -0.99775759 -0.06102411]
 [ 0.98829835  0.01796797  0.15147003]]"
209,"[[-0.1516901  -0.06540742  0.98626155]
 [ 0.02762749 -0.99769887 -0.06191673]
 [ 0.98804185  0.01785578  0.15314793]]"
210,"[[-0.15273257 -0.06602314  0.98605975]
 [ 0.02760314 -0.99766165 -0.06252447]
 [ 0.98788206  0.01766881  0.15419802]]"
211,"[[-0.15330822 -0.06698067  0.98590567]
 [ 0.0273315  -0.99760588 -0.06352551]
 [ 0.98780028  0.01720731  0.15477165]]"
212,"[[-0.15470878 -0.06753035  0.98564939]
 [ 0.0272648  -0.99757303 -0.06406776]
 [ 0.98758377  0.01696169  0.15617436]]"
213,"[[-0.15596313 -0.06868907  0.98537171]
 [ 0.02713179 -0.99750067 -0.06524019]
 [ 0.98739023  0.01655983  0.1574371 ]]"
214,"[[-0.15720371 -0.06964377  0.98510759]
 [ 0.02739977 -0.9974339  -0.06614274]
 [ 0.98718614  0.01659383  0.15870881]]"
215,"[[-0.15773581 -0.06990939  0.9850036 ]
 [ 0.02730415 -0.99741823 -0.06641809]
 [ 0.98710379  0.01641818  0.15923738]]"
216,"[[-0.15902073 -0.07105377  0.98471508]
 [ 0.02745179 -0.99733941 -0.06753153]
 [ 0.98689352  0.01629328  0.16054821]]"
217,"[[-0.16033947 -0.07135344  0.98447965]
 [ 0.02718598 -0.99732462 -0.06785672]
 [ 0.9866876   0.01588392  0.16185061]]"
218,"[[-0.16167848 -0.07235011  0.98418784]
 [ 0.02704011 -0.99725919 -0.06886898]
 [ 0.98647305  0.0154779   0.16319191]]"
219,"[[-0.16259487 -0.07323735  0.98397123]
 [ 0.02681677 -0.99720114 -0.06979076]
 [ 0.98632852  0.0150393   0.164104  ]]"
220,"[[-0.16343553 -0.07367301  0.98379942]
 [ 0.02672288 -0.99717246 -0.07023508]
 [ 0.98619212  0.01481103  0.16494238]]"
221,"[[-0.16481631 -0.07458599  0.98350004]
 [ 0.02686532 -0.99710622 -0.07111571]
 [ 0.98595824  0.01470102  0.16634292]]"
222,"[[-0.16592368 -0.07541655  0.98325051]
 [ 0.02692448 -0.99704613 -0.07193118]
 [ 0.98577092  0.01453843  0.16746399]]"
223,"[[-0.16718658 -0.07623794  0.98297319]
 [ 0.02678677 -0.99698904 -0.07276902]
 [ 0.98556125  0.01416468  0.1687252 ]]"
224,"[[-0.16800956 -0.07668083  0.98279841]
 [ 0.02690059 -0.99695539 -0.07318674]
 [ 0.9854182   0.01414179  0.16956066]]"
225,"[[-0.16903537 -0.07752946  0.98255604]
 [ 0.02650199 -0.99689847 -0.07410186]
 [ 0.98525369  0.01351384  0.17056595]]"
226,"[[-0.17030635 -0.07803337  0.98229661]
 [ 0.02592428 -0.99686929 -0.07469639]
 [ 0.98505014  0.01274406  0.17179624]]"
227,"[[-0.17172575 -0.07877164  0.98199061]
 [ 0.02594929 -0.99681394 -0.07542284]
 [ 0.98480311  0.0125299   0.173223  ]]"
228,"[[-0.17223978 -0.07910675  0.98187358]
 [ 0.02582563 -0.9967902  -0.07577822]
 [ 0.98471653  0.01230548  0.17373008]]"
229,"[[-0.17371911 -0.07992882  0.98154637]
 [ 0.02576336 -0.99672858 -0.07660541]
 [ 0.9844583   0.0119801   0.17521031]]"
230,"[[-0.17479468 -0.08069496  0.98129272]
 [ 0.02560793 -0.99667134 -0.07739814]
 [ 0.98427197  0.01160008  0.1762796 ]]"
231,"[[-0.17601064 -0.08168864  0.98099287]
 [ 0.02539445 -0.99659601 -0.07843164]
 [ 0.98406055  0.01110698  0.17748568]]"
232,"[[-0.17775189 -0.0823279   0.98062549]
 [ 0.02550857 -0.99654498 -0.07904064]
 [ 0.98374466  0.01096474  0.17923778]]"
233,"[[-0.17822169 -0.08291251  0.98049098]
 [ 0.02549193 -0.99649828 -0.07963251]
 [ 0.98366011  0.01080237  0.17971123]]"
234,"[[-0.17949334 -0.08340488  0.98021725]
 [ 0.02541198 -0.99646015 -0.08013362]
 [ 0.98343096  0.0105258   0.18097755]]"
235,"[[-0.18054308 -0.08418789  0.97995749]
 [ 0.02526219 -0.99639829 -0.08094612]
 [ 0.98324265  0.01014161  0.18201969]]"
236,"[[-0.18138605 -0.0853171   0.9797042 ]
 [ 0.02521555 -0.99630552 -0.08209433]
 [ 0.98308876  0.009813    0.18286752]]"
237,"[[-0.18323952 -0.08595654  0.97930311]
 [ 0.02539422 -0.99625151 -0.08269258]
 [ 0.98274017  0.00971611  0.18473524]]"
238,"[[-0.18361458 -0.08637183  0.97919636]
 [ 0.02519131 -0.99621863 -0.08314955]
 [ 0.98267543  0.00939977  0.18509599]]"
239,"[[-0.18504222 -0.08730748  0.97884455]
 [ 0.02549    -0.99613705 -0.0840312 ]
 [ 0.98239988  0.00940143  0.18655274]]"
240,"[[-0.18594853 -0.08777827  0.97863083]
 [ 0.02487667 -0.99610282 -0.08461864]
 [ 0.98224461  0.00861036  0.1874077 ]]"
241,"[[-0.1872607  -0.08909607  0.97826135]
 [ 0.02491078 -0.99598866 -0.08594213]
 [ 0.98199432  0.00827567  0.18872893]]"
242,"[[-0.18783984 -0.08932368  0.97812957]
 [ 0.02496737 -0.99596859 -0.08615803]
 [ 0.98188228  0.00823742  0.18931274]]"
243,"[[-0.1885706  -0.09023311  0.97790545]
 [ 0.02500477 -0.99588827 -0.08707072]
 [ 0.98174123  0.00803333  0.19005145]]"
244,"[[-0.19005647 -0.09096607  0.9775498 ]
 [ 0.02516407 -0.99582252 -0.08777401]
 [ 0.98145056  0.00791712  0.19155146]]"
245,"[[-0.19101161 -0.09157278  0.97730702]
 [ 0.02487764 -0.99577074 -0.08844055]
 [ 0.98127249  0.00741991  0.19248191]]"
246,"[[-0.1921646  -0.0924949   0.97699407]
 [ 0.02495112 -0.99568708 -0.08935699]
 [ 0.98104545  0.00720584  0.19364361]]"
247,"[[-0.19259318 -0.09289768  0.97687154]
 [ 0.02501996 -0.99564995 -0.0897507 ]
 [ 0.98095972  0.00715591  0.19407983]]"
248,"[[-0.19391917 -0.09386297  0.97651697]
 [ 0.02497601 -0.99556194 -0.09073379]
 [ 0.98069967  0.00679446  0.19540324]]"
249,"[[-0.19542112 -0.09463999  0.97614237]
 [ 0.02510748 -0.99548949 -0.0914893 ]
 [ 0.98039802  0.00662953  0.19691592]]"
250,"[[-0.19607824 -0.09524956  0.97595126]
 [ 0.02488434 -0.99543401 -0.0921515 ]
 [ 0.98027246  0.006217    0.19755319]]"
251,"[[-0.19779444 -0.09597099  0.97553421]
 [ 0.02481618 -0.99536702 -0.0928905 ]
 [ 0.97992938  0.0058358   0.19925978]]"
252,"[[-0.19787049 -0.09638165  0.97547837]
 [ 0.02461919 -0.99532901 -0.09334912]
 [ 0.97991906  0.00554444  0.19931933]]"
253,"[[-0.19919675 -0.09679248  0.97516761]
 [ 0.02464998 -0.99529014 -0.09375455]
 [ 0.97964944  0.00536226  0.20064449]]"
254,"[[-0.20073116 -0.09755576  0.9747769 ]
 [ 0.0248222  -0.99521632 -0.09448983]
 [ 0.97933191  0.00522905  0.20219264]]"
255,"[[-0.20136727 -0.09803263  0.97459786]
 [ 0.02481095 -0.99517036 -0.09497565]
 [ 0.97920162  0.0050557   0.20282723]]"
256,"[[-0.20282933 -0.09899306  0.97419742]
 [ 0.02493689 -0.99507637 -0.09592278]
 [ 0.97889652  0.00483751  0.20429922]]"
257,"[[-0.20355861 -0.09917932  0.97402636]
 [ 0.02471727 -0.99505939 -0.09615541]
 [ 0.9787507   0.00450201  0.20500434]]"
258,"[[-0.20436719 -0.10003767  0.97376933]
 [ 0.02528665 -0.99497198 -0.09690892]
 [ 0.97856775  0.00481835  0.2058695 ]]"
259,"[[-0.20574681 -0.10049891  0.97343123]
 [ 0.02532025 -0.99492647 -0.09736638]
 [ 0.97827771  0.00461469  0.20724778]]"
260,"[[-0.20675473 -0.10086991  0.97317922]
 [ 0.02507198 -0.99489084 -0.09779371]
 [ 0.97807154  0.00418021  0.20822747]]"
261,"[[-0.20712465 -0.10147327  0.97303777]
 [ 0.02506371 -0.99483021 -0.09841073]
 [ 0.97799342  0.00400465  0.20859708]]"
262,"[[-0.20815925 -0.10203365  0.97275824]
 [ 0.02470377 -0.9947751  -0.09905668]
 [ 0.97778279  0.00341125  0.20959191]]"
263,"[[-0.20905212 -0.10299827  0.97246523]
 [ 0.02448827 -0.99467734 -0.10008658]
 [ 0.97759787  0.00289067  0.21046173]]"
264,"[[-0.20996048 -0.10355095  0.97221077]
 [ 0.0246514  -0.99462009 -0.10061402]
 [ 0.97739904  0.00284139  0.21138357]]"
265,"[[-0.21084327 -0.10427406  0.97194238]
 [ 0.02445832 -0.99454572 -0.1013933 ]
 [ 0.97721383  0.00239399  0.21224359]]"
266,"[[-0.21165576 -0.10473402  0.97171621]
 [ 0.02439018 -0.99449797 -0.1018769 ]
 [ 0.97703978  0.00213751  0.21304542]]"
267,"[[-0.21265181 -0.10542713  0.97142392]
 [ 0.0244122  -0.99442521 -0.10257942]
 [ 0.9768231   0.00190088  0.21404017]]"
268,"[[-0.21338809 -0.10616832  0.97118163]
 [ 0.0242114  -0.99434711 -0.103381  ]
 [ 0.97666744  0.0014534   0.21475227]]"
269,"[[-0.21465333 -0.10663237  0.97085196]
 [ 0.02424563 -0.99429773 -0.10384686]
 [ 0.97638934  0.00124784  0.21601476]]"
270,"[[-2.15545160e-01 -1.07539715e-01  9.70554165e-01]
 [ 2.42839165e-02 -9.94200299e-01 -1.04766673e-01]
 [ 9.76191819e-01  9.86914231e-04  2.16906412e-01]]"
271,"[[-2.16127794e-01 -1.07855993e-01  9.70389593e-01]
 [ 2.40042394e-02 -9.94166366e-01 -1.05152429e-01]
 [ 9.76070015e-01  5.67094867e-04  2.17456112e-01]]"
272,"[[-2.17095248e-01 -1.08551756e-01  9.70095985e-01]
 [ 2.39992736e-02 -9.94090754e-01 -1.05865989e-01]
 [ 9.75855388e-01  2.98592327e-04  2.18417607e-01]]"
273,"[[-2.17964983e-01 -1.09130926e-01  9.69835856e-01]
 [ 2.41767801e-02 -9.94027352e-01 -1.06419480e-01]
 [ 9.75657025e-01  2.51796148e-04  2.19301437e-01]]"
274,"[[-2.19146073e-01 -1.09899184e-01  9.69482965e-01]
 [ 2.39202964e-02 -9.93942689e-01 -1.07264860e-01]
 [ 9.75398826e-01 -3.16356505e-04  2.20447524e-01]]"
275,"[[-2.20157224e-01 -1.10700960e-01  9.69162540e-01]
 [ 2.39512121e-02 -9.93853590e-01 -1.08080437e-01]
 [ 9.75170278e-01 -5.82066929e-04  2.21455387e-01]]"
276,"[[-2.20515810e-01 -1.11095849e-01  9.69036023e-01]
 [ 2.40644589e-02 -9.93809518e-01 -1.08459886e-01]
 [ 9.75086665e-01 -5.97814523e-04  2.21824587e-01]]"
277,"[[-2.21766950e-01 -1.11738664e-01  9.68676413e-01]
 [ 2.40202172e-02 -9.93737189e-01 -1.09130335e-01]
 [ 9.74803853e-01 -9.33690768e-04  2.23062182e-01]]"
278,"[[-0.22236291 -0.11258759  0.96844152]
 [ 0.02405857 -0.99364113 -0.10999316]
 [ 0.97466719 -0.00115909  0.22365789]]"
279,"[[-0.22343088 -0.11339162  0.96810177]
 [ 0.02403855 -0.99354925 -0.11082431]
 [ 0.97442334 -0.00148981  0.22471543]]"
280,"[[-0.22395145 -0.11385182  0.96792734]
 [ 0.02399339 -0.99349628 -0.11130794]
 [ 0.97430483 -0.0017037   0.2252264 ]]"
281,"[[-0.22524837 -0.11439303  0.96756265]
 [ 0.02387336 -0.99343334 -0.11189396]
 [ 0.97400889 -0.00210497  0.22650028]]"
282,"[[-0.22672785 -0.11550275  0.96708516]
 [ 0.02351826 -0.99330292 -0.11312031]
 [ 0.97367422 -0.00290337  0.22792599]]"
283,"[[-0.22727025 -0.11615812  0.96687925]
 [ 0.02361591 -0.99322613 -0.11377231]
 [ 0.97354532 -0.00302333  0.22847389]]"
284,"[[-0.22841411 -0.11668927  0.96654568]
 [ 0.02360215 -0.99316299 -0.11432506]
 [ 0.9732779  -0.00330089  0.22960649]]"
285,"[[-0.22926036 -0.11730201  0.9662711 ]
 [ 0.02339372 -0.99308916 -0.11500716]
 [ 0.97308393 -0.0037619   0.23042001]]"
286,"[[-0.2303083  -0.11831032  0.96589903]
 [ 0.02325991 -0.9929675  -0.1160798 ]
 [ 0.97283979 -0.00426743  0.23144079]]"
287,"[[-0.23087732 -0.11845362  0.96574541]
 [ 0.02311547 -0.9929493  -0.11626417]
 [ 0.97270815 -0.00451908  0.23198733]]"
288,"[[-0.23169739 -0.11942698  0.96542914]
 [ 0.02326022 -0.99283183 -0.11723447]
 [ 0.97250974 -0.00470682  0.23281432]]"
289,"[[-0.2328334  -0.12041998  0.96503243]
 [ 0.0233039  -0.99271022 -0.11825117]
 [ 0.97223736 -0.0050438   0.23394229]]"
290,"[[-0.2337904  -0.12093724  0.96473633]
 [ 0.02308532 -0.99264485 -0.11884139]
 [ 0.9720129  -0.00551273  0.23486266]]"
291,"[[-0.2348774  -0.12210724  0.9643249 ]
 [ 0.02328016 -0.99250033 -0.12000468]
 [ 0.97174622 -0.00573676  0.23595868]]"
292,"[[-0.23576587 -0.12228861  0.96408503]
 [ 0.02316949 -0.9924764  -0.12022382]
 [ 0.97153364 -0.00600731  0.23682542]]"
293,"[[-0.23697545 -0.12340265  0.96364645]
 [ 0.02351773 -0.99233805 -0.12129347]
 [ 0.97123098 -0.0060808   0.23806199]]"
294,"[[-0.2377501  -0.12429395  0.96334101]
 [ 0.02373621 -0.99222621 -0.12216279]
 [ 0.97103629 -0.00617815  0.23885214]]"
295,"[[-0.23876853 -0.1248878   0.96301221]
 [ 0.02331145 -0.99214693 -0.12288629]
 [ 0.97079661 -0.00689216  0.23980464]]"
296,"[[-0.24005787 -0.12586627  0.96256418]
 [ 0.02327952 -0.99202008 -0.12391218]
 [ 0.97047935 -0.00733805  0.2410722 ]]"
297,"[[-0.24023216 -0.12630424  0.96246335]
 [ 0.02335508 -0.991964   -0.12434616]
 [ 0.97043444 -0.00739354  0.24125146]]"
298,"[[-0.2415133  -0.12709273  0.96203888]
 [ 0.02319008 -0.99185914 -0.12521051]
 [ 0.9701204  -0.00793025  0.24249452]]"
299,"[[-0.24264909 -0.1280885   0.9616209 ]
 [ 0.02334547 -0.99172905 -0.12620809]
 [ 0.96983318 -0.00817479  0.24363243]]"
300,"[[-0.24350859 -0.12878154  0.96131089]
 [ 0.02314756 -0.9916351  -0.12698041]
 [ 0.96962235 -0.0086688   0.24445232]]"
301,"[[-0.2440939  -0.12920654  0.96110556]
 [ 0.023188   -0.99157852 -0.12741408]
 [ 0.96947437 -0.00881489  0.24503439]]"
302,"[[-0.24526273 -0.13005009  0.96069409]
 [ 0.02292592 -0.99146232 -0.12836228]
 [ 0.96918551 -0.00945769  0.24615023]]"
303,"[[-0.24612454 -0.13098383  0.96034669]
 [ 0.02330422 -0.99133967 -0.12923844]
 [ 0.96895791 -0.00942861  0.24704525]]"
304,"[[-0.24732049 -0.13154635  0.95996254]
 [ 0.02323231 -0.99126146 -0.12984986]
 [ 0.96865514 -0.00981237  0.24821531]]"
305,"[[-0.24777788 -0.13203995  0.95977679]
 [ 0.0232268  -0.99119386 -0.13036583]
 [ 0.96853836 -0.01000922  0.24866266]]"
306,"[[-0.24907264 -0.13295109  0.95931573]
 [ 0.02339032 -0.9910695  -0.13127886]
 [ 0.96820223 -0.01025926  0.24995785]]"
307,"[[-0.25010697 -0.13358029  0.95895928]
 [ 0.02330258 -0.99098068 -0.13196322]
 [ 0.9679378  -0.01065871  0.25096407]]"
308,"[[-0.25094354 -0.13451825  0.95860943]
 [ 0.02333348 -0.99085016 -0.13293426]
 [ 0.96772039 -0.01099129  0.25178604]]"
309,"[[-0.25174829 -0.13491631  0.95834256]
 [ 0.02339867 -0.99079433 -0.13333828]
 [ 0.96750988 -0.01114375  0.25258775]]"
310,"[[-0.25285368 -0.13572929  0.95793657]
 [ 0.02321467 -0.99067682 -0.13424055]
 [ 0.96722593 -0.01170503  0.25364706]]"
311,"[[-0.25381115 -0.13672982  0.95754098]
 [ 0.02323556 -0.99053463 -0.13528211]
 [ 0.9669746  -0.0120871   0.25458556]]"
312,"[[-0.25474362 -0.1371523   0.95723304]
 [ 0.02291101 -0.99046897 -0.13581716]
 [ 0.96673726 -0.0126674   0.25545817]]"
313,"[[-0.25585936 -0.13785307  0.9568346 ]
 [ 0.02294163 -0.99036755 -0.13654959]
 [ 0.96644172 -0.01298614  0.25655729]]"
314,"[[-0.25682637 -0.13839531  0.9564973 ]
 [ 0.02301997 -0.99028919 -0.13710363]
 [ 0.96618344 -0.01319329  0.25751841]]"
315,"[[-0.25735253 -0.13917002  0.95624346]
 [ 0.02308809 -0.9901777  -0.1378951 ]
 [ 0.96604182 -0.01340983  0.25803814]]"
316,"[[-0.25849664 -0.14001741  0.95581101]
 [ 0.02309757 -0.99005288 -0.13878686]
 [ 0.96573602 -0.01379903  0.25915951]]"
317,"[[-0.25979755 -0.14069191  0.95535921]
 [ 0.02327524 -0.98995452 -0.13945724]
 [ 0.96538266 -0.01399445  0.26046266]]"
318,"[[-0.26081219 -0.14151452  0.95496111]
 [ 0.02310892 -0.98982936 -0.14037027]
 [ 0.96511298 -0.01454217  0.26142992]]"
319,"[[-0.2614478  -0.14171141  0.95475804]
 [ 0.02309292 -0.98979874 -0.14058869]
 [ 0.96494132 -0.01470845  0.26205322]]"
320,"[[-0.26259994 -0.14231035  0.95435263]
 [ 0.02291812 -0.98970496 -0.14127582]
 [ 0.96463254 -0.01522705  0.26315783]]"
321,"[[-0.26398268 -0.14348629  0.95379496]
 [ 0.02307486 -0.98952931 -0.14247562]
 [ 0.96425136 -0.01560241  0.26452952]]"
322,"[[-0.26509777 -0.14413736  0.95338749]
 [ 0.02315235 -0.98943034 -0.14314877]
 [ 0.9639436  -0.01587527  0.26563306]]"
323,"[[-0.26543551 -0.14451865  0.95323576]
 [ 0.02308027 -0.98937096 -0.14357019]
 [ 0.96385235 -0.01610769  0.2659498 ]]"
324,"[[-0.26683371 -0.14554576  0.95268896]
 [ 0.0233764  -0.9892171  -0.14457893]
 [ 0.96345906 -0.0163081   0.26735888]]"
325,"[[-0.26775165 -0.14632525  0.95231191]
 [ 0.02320951 -0.98909315 -0.1454512 ]
 [ 0.96320838 -0.01684211  0.26822747]]"
326,"[[-0.26857227 -0.14750316  0.95189899]
 [ 0.02327553 -0.98891139 -0.14667144]
 [ 0.96297826 -0.01723592  0.26902731]]"
327,"[[-0.26986355 -0.14846218  0.95138458]
 [ 0.02376406 -0.98876831 -0.1475551 ]
 [ 0.96260527 -0.01721098  0.27036056]]"
328,"[[-0.27037468 -0.14904123  0.95114905]
 [ 0.0235973  -0.98867383 -0.14821344]
 [ 0.96246609 -0.01762863  0.2708297 ]]"
329,"[[-0.27129346 -0.14980003  0.95076797]
 [ 0.02359405 -0.98855253 -0.14902088]
 [ 0.96220741 -0.01799592  0.27172213]]"
330,"[[-0.27228057 -0.15077171  0.95033215]
 [ 0.02349714 -0.98839487 -0.15007823]
 [ 0.96193097 -0.0185333   0.27266344]]"
331,"[[-0.27335453 -0.15188139  0.94984698]
 [ 0.02371073 -0.98821977 -0.15119357]
 [ 0.96162106 -0.01880788  0.27373551]]"
332,"[[-0.27432797 -0.15286265  0.94940883]
 [ 0.0240397  -0.98806645 -0.15214067]
 [ 0.96133564 -0.01891293  0.27472898]]"
333,"[[-0.27484205 -0.15345982  0.94916382]
 [ 0.02391286 -0.98796637 -0.15280912]
 [ 0.96119199 -0.01930115  0.2752044 ]]"
334,"[[-0.27585458 -0.15441289  0.94871543]
 [ 0.02414565 -0.98781382 -0.1537558 ]
 [ 0.96089609 -0.01950689  0.27622143]]"
335,"[[-0.27675472 -0.15501473  0.94835506]
 [ 0.0238209  -0.9877063  -0.15449539]
 [ 0.96064533 -0.02016666  0.27704506]]"
336,"[[-0.27790379 -0.15646856  0.94778005]
 [ 0.02424167 -0.98747321 -0.15591345]
 [ 0.96030296 -0.02035317  0.27821553]]"
337,"[[-0.27865635 -0.15730685  0.94742028]
 [ 0.02430455 -0.98733359 -0.15678545]
 [ 0.96008329 -0.02066264  0.27895004]]"
338,"[[-0.27901884 -0.15766019  0.94725488]
 [ 0.02396902 -0.9872664  -0.15725948]
 [ 0.95998647 -0.02117359  0.27924496]]"
339,"[[-0.28017856 -0.15873882  0.94673227]
 [ 0.0244404  -0.98709284 -0.15827313]
 [ 0.95963673 -0.02120623  0.28044191]]"
340,"[[-0.28119255 -0.15929469  0.94633819]
 [ 0.02392464 -0.98698421 -0.15902762]
 [ 0.95935311 -0.02207659  0.28134371]]"
341,"[[-0.2820234  -0.1606114   0.94586831]
 [ 0.02420163 -0.98676514 -0.16033978]
 [ 0.95910227 -0.02232802  0.28217804]]"
342,"[[-0.28310851 -0.16166025  0.9453653 ]
 [ 0.0246307  -0.98659244 -0.16133406]
 [ 0.95877156 -0.02239004  0.28329454]]"
343,"[[-0.28367007 -0.16199163  0.94514026]
 [ 0.02425805 -0.98652471 -0.161804  ]
 [ 0.95861512 -0.0229717   0.28377727]]"
344,"[[-0.28445586 -0.16303706  0.94472422]
 [ 0.02462112 -0.98635062 -0.1628074 ]
 [ 0.95837297 -0.02305135  0.28458748]]"
345,"[[-0.28266317 -0.17378082  0.9433461 ]
 [ 0.02495848 -0.98445147 -0.17387462]
 [ 0.95889453 -0.02560348  0.28260563]]"
346,"[[-0.28207421 -0.18137211  0.94209249]
 [ 0.02569708 -0.98304369 -0.18156202]
 [ 0.95904837 -0.02700493  0.28195196]]"
347,"[[-0.28257903 -0.18142769  0.94193055]
 [ 0.02566276 -0.98302925 -0.18164501]
 [ 0.95890072 -0.02715654  0.2824395 ]]"
348,"[[-0.28406342 -0.18718401  0.94035642]
 [ 0.02640297 -0.98191343 -0.18748038]
 [ 0.95844193 -0.02842812  0.28386801]]"
349,"[[-0.28549138 -0.18721251  0.93991827]
 [ 0.02642901 -0.98190004 -0.18754688]
 [ 0.9580169  -0.02870193  0.28527212]]"
350,"[[-0.28594086 -0.19148401  0.93892043]
 [ 0.02661904 -0.98104025 -0.19196731]
 [ 0.95787741 -0.02989812  0.28561643]]"
351,"[[-0.28704291 -0.19558005  0.93773919]
 [ 0.02719606 -0.98020428 -0.19611206]
 [ 0.95753157 -0.03078977  0.28667966]]"
352,"[[-0.2874202  -0.19531757  0.93767834]
 [ 0.02699119 -0.98024999 -0.19591178]
 [ 0.95742419 -0.03099994  0.28701548]]"
353,"[[-0.28842179 -0.19895892  0.93660462]
 [ 0.02754388 -0.97949281 -0.19958751]
 [ 0.95710721 -0.03176766  0.28798719]]"
354,"[[-0.28985562 -0.19901086  0.93615088]
 [ 0.02717266 -0.97945901 -0.19980416]
 [ 0.95668461 -0.03247666  0.28930945]]"
355,"[[-0.29040962 -0.20145807  0.93545543]
 [ 0.02718957 -0.97892962 -0.20237966]
 [ 0.95651604 -0.03333836  0.28976809]]"
356,"[[-0.29132296 -0.20424105  0.93456758]
 [ 0.02781799 -0.97833822 -0.20513531]
 [ 0.95622023 -0.03376283  0.290694  ]]"
357,"[[-0.2920795  -0.20390592  0.93440456]
 [ 0.02737308 -0.97839001 -0.20494805]
 [ 0.95600221 -0.03428359  0.29134913]]"
358,"[[-0.29259014 -0.20645108  0.93368576]
 [ 0.02788942 -0.97784267 -0.20747507]
 [ 0.95583122 -0.03466522  0.29186512]]"
359,"[[-0.29337486 -0.20836942  0.93301303]
 [ 0.02794715 -0.97740985 -0.20949689]
 [ 0.95558887 -0.03538606  0.29257072]]"
360,"[[-0.29434894 -0.20792342  0.93280573]
 [ 0.02742091 -0.97748211 -0.20922911]
 [ 0.95530454 -0.03600798  0.29342224]]"
361,"[[-0.29477323 -0.20810675  0.93263084]
 [ 0.02725924 -0.97743123 -0.20948775]
 [ 0.95517833 -0.03632857  0.29379334]]"
362,"[[-0.29541331 -0.20971913  0.93206699]
 [ 0.02718905 -0.9770592  -0.21122517]
 [ 0.95498259 -0.03705671  0.29433838]]"
363,"[[-0.29674944 -0.21133262  0.93127779]
 [ 0.02704423 -0.97667419 -0.21301674]
 [ 0.95457237 -0.03802691  0.29554289]]"
364,"[[-0.29759888 -0.21171334  0.93092017]
 [ 0.02719423 -0.97658523 -0.21340514]
 [ 0.95430361 -0.03819348  0.29638806]]"
365,"[[-0.29831654 -0.21278648  0.93044563]
 [ 0.02711246 -0.97632853 -0.21458686]
 [ 0.95408179 -0.03878813  0.297024  ]]"
366,"[[-0.29850315 -0.2145829   0.92997306]
 [ 0.02728157 -0.97591749 -0.21642728]
 [ 0.95401856 -0.03923308  0.29716837]]"
367,"[[-0.29962824 -0.21475943  0.92957048]
 [ 0.02695705 -0.97585203 -0.21676284]
 [ 0.95367511 -0.03988979  0.29818209]]"
368,"[[-0.30058332 -0.21576276  0.92902971]
 [ 0.02692273 -0.97560655 -0.2178693 ]
 [ 0.95337555 -0.04047588  0.29906014]]"
369,"[[-0.30083015 -0.2160328   0.92888696]
 [ 0.02693281 -0.97554114 -0.21816074]
 [ 0.95329732 -0.04061178  0.29929046]]"
370,"[[-0.30153482 -0.21695902  0.9284425 ]
 [ 0.02687014 -0.97531324 -0.21918505]
 [ 0.95307643 -0.04114454  0.29992053]]"
371,"[[-0.30202175 -0.21831888  0.92796536]
 [ 0.02688985 -0.97498691 -0.22062971]
 [ 0.95292171 -0.04168212  0.30033778]]"
372,"[[-0.30278462 -0.21824271  0.92773467]
 [ 0.02647162 -0.9749786  -0.22071696]
 [ 0.95269132 -0.04227106  0.30098581]]"
373,"[[-0.30285323 -0.21938787  0.92744202]
 [ 0.02688489 -0.97472305 -0.22179307]
 [ 0.95265783 -0.04223655  0.30109598]]"
374,"[[-0.30396085 -0.21927299  0.92710693]
 [ 0.02653836 -0.97472323 -0.22183403]
 [ 0.95231487 -0.04282497  0.30209698]]"
375,"[[-0.30465137 -0.22001874  0.92670352]
 [ 0.02658329 -0.97453898 -0.22263671]
 [ 0.95209295 -0.04319177  0.30274362]]"
376,"[[-0.30500293 -0.22143786  0.92624966]
 [ 0.0269026  -0.97420755 -0.22404441]
 [ 0.95197133 -0.04341567  0.30309333]]"
377,"[[-0.30586847 -0.22148352  0.92595338]
 [ 0.02633947 -0.97416093 -0.22431388]
 [ 0.95170943 -0.04422144  0.30379905]]"
378,"[[-0.30597778 -0.22245323  0.92568468]
 [ 0.02691876 -0.97395115 -0.22515446]
 [ 0.951658   -0.04397397  0.30399554]]"
379,"[[-0.30714163 -0.22259603  0.92526486]
 [ 0.02644944 -0.97388128 -0.22551206]
 [ 0.95129621 -0.04479141  0.30500705]]"
380,"[[-0.30776925 -0.2230773   0.92494026]
 [ 0.02646668 -0.97375739 -0.22604436]
 [ 0.95109278 -0.04508939  0.30559652]]"
381,"[[-0.30834967 -0.22428105  0.92445575]
 [ 0.02699781 -0.97348084 -0.22716992]
 [ 0.95088986 -0.04508948  0.30622749]]"
382,"[[-0.30892385 -0.22416734  0.92429171]
 [ 0.02653555 -0.97347999 -0.22722802]
 [ 0.95071658 -0.04566958  0.30667974]]"
383,"[[-0.3091802  -0.22527152  0.92393739]
 [ 0.0268212  -0.97321854 -0.22831183]
 [ 0.95062515 -0.04580838  0.30694188]]"
384,"[[-0.30981219 -0.22593622  0.92356334]
 [ 0.02682565 -0.97304664 -0.22904284]
 [ 0.95041928 -0.04618508  0.30752261]]"
385,"[[-0.31075376 -0.22596898  0.92323894]
 [ 0.0266683  -0.97301943 -0.22917679]
 [ 0.95011627 -0.04659634  0.30839569]]"
386,"[[-0.31104257 -0.22702236  0.92288322]
 [ 0.02702439 -0.97277127 -0.23018634]
 [ 0.95001173 -0.0466574   0.30870853]]"
387,"[[-0.31188361 -0.22717638  0.92256141]
 [ 0.02674933 -0.97270886 -0.230482  ]
 [ 0.94974372 -0.04720567  0.30944884]]"
388,"[[-0.31227297 -0.22807285  0.92220844]
 [ 0.02707575 -0.97249582 -0.23134127]
 [ 0.94960652 -0.04727215  0.30985946]]"
389,"[[-0.31272376 -0.22911481  0.92179729]
 [ 0.02728094 -0.97223837 -0.23239687]
 [ 0.94945226 -0.04752852  0.3102925 ]]"
390,"[[-0.31286295 -0.22927039  0.92171135]
 [ 0.02714826 -0.9721907  -0.2326117 ]
 [ 0.94941018 -0.04775272  0.31038665]]"
391,"[[-0.31386313 -0.23005891  0.92117466]
 [ 0.02758725 -0.9720007  -0.23335291]
 [ 0.94906733 -0.04782819  0.31142177]]"
392,"[[-0.31465759 -0.23028129  0.920848  ]
 [ 0.02723214 -0.97191607 -0.2337468 ]
 [ 0.94881448 -0.04847353  0.31209169]]"
393,"[[-0.31518721 -0.23116887  0.92044435]
 [ 0.02753875 -0.97169909 -0.23461136]
 [ 0.94862978 -0.04859859  0.31263298]]"
394,"[[-0.31559874 -0.23207678  0.92007485]
 [ 0.02740093 -0.9714546  -0.23563773]
 [ 0.948497   -0.04915606  0.31294886]]"
395,"[[-0.31601601 -0.23210257  0.91992505]
 [ 0.02714751 -0.97142925 -0.23577154]
 [ 0.94836528 -0.04953388  0.31328793]]"
396,"[[-0.31667488 -0.2331007   0.91944607]
 [ 0.02731041 -0.97117247 -0.2368083 ]
 [ 0.94814089 -0.04988079  0.31391199]]"
397,"[[-0.31721954 -0.23334463  0.91919638]
 [ 0.02675205 -0.97107251 -0.23728147]
 [ 0.9479747  -0.05067992  0.31428553]]"
398,"[[-0.31793335 -0.23405503  0.91876912]
 [ 0.02722918 -0.97090448 -0.23791399]
 [ 0.94772202 -0.05062347  0.31505614]]"
399,"[[-0.31929261 -0.23489686  0.91808266]
 [ 0.02764547 -0.97068943 -0.23874203]
 [ 0.94725289 -0.05084775  0.3164279 ]]"
400,"[[-0.31957968 -0.23497805  0.91796191]
 [ 0.02772908 -0.97066879 -0.23881623]
 [ 0.94715355 -0.05086657  0.31672162]]"
401,"[[-0.31984004 -0.23588988  0.91763726]
 [ 0.02766012 -0.97042365 -0.23981837]
 [ 0.94706763 -0.05132154  0.31690482]]"
402,"[[-0.31980126 -0.23708056  0.91734402]
 [ 0.02840639 -0.97015262 -0.24082562]
 [ 0.94705878 -0.05095792  0.31699077]]"
403,"[[-0.32041897 -0.23798526  0.91689407]
 [ 0.02857519 -0.96991493 -0.24176122]
 [ 0.94684486 -0.05126446  0.31757968]]"
404,"[[-0.32108818 -0.23872256  0.91646828]
 [ 0.02852754 -0.96970793 -0.24259578]
 [ 0.94661964 -0.05175007  0.3181722 ]]"
405,"[[-0.32103131 -0.2395134   0.91628172]
 [ 0.0293169  -0.96954207 -0.24316393]
 [ 0.94661469 -0.05120069  0.3182751 ]]"
406,"[[-0.32145413 -0.23960486  0.91610955]
 [ 0.02873672 -0.96948005 -0.24348025]
 [ 0.94648899 -0.05194174  0.31852876]]"
407,"[[-0.32119973 -0.24044412  0.91597891]
 [ 0.02897877 -0.96927361 -0.24427218]
 [ 0.94656799 -0.05191622  0.3182982 ]]"
408,"[[-0.32145448 -0.24170172  0.91555857]
 [ 0.02952903 -0.96896379 -0.2454327 ]
 [ 0.94646461 -0.05185992  0.31861527]]"
409,"[[-0.32210803 -0.24165187  0.91534185]
 [ 0.02930416 -0.96895515 -0.24549375]
 [ 0.94624922 -0.05225217  0.3191895 ]]"
410,"[[-0.32327417 -0.24289029  0.91460276]
 [ 0.02986283 -0.96863563 -0.24668449]
 [ 0.94583409 -0.05243411  0.3203884 ]]"
411,"[[-0.32386271 -0.24309648  0.91433963]
 [ 0.02966767 -0.96856026 -0.24700376]
 [ 0.94563877 -0.05286897  0.32089253]]"
412,"[[-0.32439423 -0.24404091  0.91389962]
 [ 0.02980996 -0.96830447 -0.24798756]
 [ 0.94545219 -0.05320243  0.32138738]]"
413,"[[-0.32518724 -0.24459117  0.91347052]
 [ 0.03006771 -0.96815734 -0.24853029]
 [ 0.9451715  -0.05335291  0.32218667]]"
414,"[[-0.32529017 -0.24513897  0.91328714]
 [ 0.03007025 -0.96800666 -0.24911622]
 [ 0.94513613 -0.05357231  0.32225475]]"
415,"[[-0.32605368 -0.24547726  0.91292387]
 [ 0.02998588 -0.96789762 -0.24954968]
 [ 0.94487561 -0.05399178  0.32294753]]"
416,"[[-0.32695226 -0.24601538  0.9124575 ]
 [ 0.03003776 -0.96773917 -0.2501572 ]
 [ 0.94456338 -0.05438129  0.32379431]]"
417,"[[-0.32753113 -0.24678831  0.91204112]
 [ 0.03000645 -0.96751585 -0.2510233 ]
 [ 0.94436386 -0.05485085  0.32429698]]"
418,"[[-0.32838962 -0.24712406  0.9116413 ]
 [ 0.03000801 -0.96740965 -0.25143207]
 [ 0.9440655  -0.05521113  0.32510284]]"
419,"[[-0.32904112 -0.24779967  0.911223  ]
 [ 0.03022533 -0.96722521 -0.25211471]
 [ 0.9438318  -0.0554141   0.32574684]]"
420,"[[-0.32962452 -0.24876756  0.91074828]
 [ 0.03079931 -0.96698107 -0.25298025]
 [ 0.94360963 -0.05533808  0.32640261]]"
421,"[[-0.33056786 -0.24912239  0.91030918]
 [ 0.0307628  -0.9668648  -0.25342868]
 [ 0.94328066 -0.05577169  0.32727794]]"
422,"[[-0.33127308 -0.24933091  0.90999572]
 [ 0.03054522 -0.96678211 -0.25377026]
 [ 0.94304035 -0.05627124  0.32788472]]"
423,"[[-0.33214713 -0.24965605  0.90958797]
 [ 0.03044442 -0.96667068 -0.25420651]
 [ 0.94273621 -0.05674211  0.32867774]]"
424,"[[-0.3324272  -0.25026328  0.90931869]
 [ 0.030867   -0.96652147 -0.25472237]
 [ 0.94262369 -0.05660871  0.32902296]]"
425,"[[-0.33340247 -0.2505764   0.9088752 ]
 [ 0.0306323  -0.96640295 -0.25519991]
 [ 0.94228676 -0.05724332  0.32987668]]"
426,"[[-0.33380547 -0.25143405  0.90849039]
 [ 0.03105108 -0.96618027 -0.25599125]
 [ 0.94213041 -0.05724167  0.33032351]]"
427,"[[-0.33471192 -0.25198648  0.90800366]
 [ 0.03096711 -0.96600361 -0.25666722]
 [ 0.94181148 -0.05779131  0.33113607]]"
428,"[[-0.33507592 -0.25245736  0.90773865]
 [ 0.03121983 -0.96587957 -0.25710307]
 [ 0.94167378 -0.05780961  0.33152473]]"
429,"[[-0.33594258 -0.25276597  0.90733225]
 [ 0.03093619 -0.96575936 -0.25758843]
 [ 0.94137421 -0.0584655   0.33225911]]"
430,"[[-0.33664763 -0.25297705  0.90701219]
 [ 0.03098479 -0.96568996 -0.25784269]
 [ 0.94112085 -0.05869857  0.33293587]]"
431,"[[-0.33740659 -0.25377084  0.90650823]
 [ 0.03137514 -0.96547478 -0.25860016]
 [ 0.94083602 -0.05881158  0.33371968]]"
432,"[[-0.33822597 -0.25416757  0.90609169]
 [ 0.03114264 -0.96533214 -0.25916019]
 [ 0.94054954 -0.05943664  0.33441603]]"
433,"[[-0.33851203 -0.25461392  0.90585946]
 [ 0.0316268  -0.96522975 -0.25948272]
 [ 0.94043041 -0.05918859  0.33479452]]"
434,"[[-0.33924048 -0.25519534  0.90542323]
 [ 0.03130744 -0.96502943 -0.26026532]
 [ 0.94017856 -0.05994604  0.33536655]]"
435,"[[-0.34031246 -0.25543662  0.90495277]
 [ 0.03129905 -0.96493974 -0.26059867]
 [ 0.93979134 -0.06036081  0.33637589]]"
436,"[[-0.34086265 -0.25632082  0.90449547]
 [ 0.03180153 -0.96470674 -0.26139924]
 [ 0.93957495 -0.06033686  0.33698355]]"
437,"[[-0.34209017 -0.25649288  0.90398323]
 [ 0.03154302 -0.96461733 -0.26176029]
 [ 0.93913754 -0.06103125  0.3380766 ]]"
438,"[[-0.34228148 -0.25700093  0.90376655]
 [ 0.03194825 -0.96449278 -0.26216976]
 [ 0.93905418 -0.06086211  0.33833884]]"
439,"[[-0.34354235 -0.25748426  0.90315033]
 [ 0.03216133 -0.96434243 -0.26269627]
 [ 0.93858634 -0.06120078  0.33957352]]"
440,"[[-0.34447279 -0.25783717  0.90269508]
 [ 0.03200355 -0.96421156 -0.26319543]
 [ 0.9382506  -0.0617742   0.34039623]]"
441,"[[-0.34525322 -0.25871472  0.90214567]
 [ 0.03279352 -0.96399222 -0.26390072]
 [ 0.93793641 -0.06152803  0.34130543]]"
442,"[[-0.34594042 -0.25860482  0.90191392]
 [ 0.03241654 -0.96398628 -0.26396898]
 [ 0.9376963  -0.0620806   0.34186481]]"
443,"[[-0.34683274 -0.25990573  0.90119704]
 [ 0.03327645 -0.96364413 -0.26510881]
 [ 0.93733653 -0.06195979  0.34287215]]"
444,"[[-0.34789012 -0.25993155  0.90078188]
 [ 0.03317117 -0.96360889 -0.26525003]
 [ 0.93694828 -0.06239787  0.34385216]]"
445,"[[-0.34807025 -0.26083976  0.9004497 ]
 [ 0.03381558 -0.96338032 -0.26599785]
 [ 0.93685834 -0.0621367   0.34414438]]"
446,"[[-0.34905929 -0.26073588  0.90009693]
 [ 0.03367783 -0.9633824  -0.2660078 ]
 [ 0.93649532 -0.06253919  0.34505871]]"
447,"[[-0.34971434 -0.26188251  0.89950949]
 [ 0.03420461 -0.96306497 -0.2670878 ]
 [ 0.93623171 -0.06263705  0.34575504]]"
448,"[[-0.35057647 -0.26276821  0.89891537]
 [ 0.03481082 -0.96282491 -0.26787383]
 [ 0.93588685 -0.06261826  0.3466907 ]]"
449,"[[-0.35143401 -0.26265672  0.89861307]
 [ 0.0345892  -0.96282609 -0.26789829]
 [ 0.9355734  -0.06306624  0.34745471]]"
450,"[[-0.3516817  -0.26361728  0.8982348 ]
 [ 0.03515538 -0.96257237 -0.26873505]
 [ 0.9354592  -0.06293139  0.34778642]]"
451,"[[-0.35310439 -0.26361504  0.89767729]
 [ 0.0352011  -0.96254738 -0.26881857]
 [ 0.93492154 -0.0633218   0.34915943]]"
452,"[[-0.35348747 -0.26460439  0.89723526]
 [ 0.03563246 -0.96227197 -0.26974615]
 [ 0.93476036 -0.06338118  0.34957958]]"
453,"[[-0.35415081 -0.26559397  0.89668119]
 [ 0.03607949 -0.96199063 -0.27068857]
 [ 0.93449215 -0.0635128   0.35027241]]"
454,"[[-0.35429162 -0.26541731  0.89667785]
 [ 0.03577343 -0.96202021 -0.27062407]
 [ 0.93445053 -0.06380261  0.35033069]]"
455,"[[-0.35532098 -0.26625673  0.89602153]
 [ 0.03625495 -0.96177805 -0.27141957]
 [ 0.93404112 -0.06395589  0.3513934 ]]"
456,"[[-0.35604639 -0.26621979  0.89574442]
 [ 0.03593561 -0.96175216 -0.27155372]
 [ 0.9337771  -0.06449661  0.35199526]]"
457,"[[-0.35622662 -0.26720285  0.89537986]
 [ 0.03623694 -0.9614706  -0.27250903]
 [ 0.9336966  -0.06462912  0.35218383]]"
458,"[[-0.35696328 -0.26757818  0.89497442]
 [ 0.03647976 -0.96135754 -0.27287527]
 [ 0.93340587 -0.06475801  0.35293065]]"
459,"[[-0.35716938 -0.26808054  0.89474184]
 [ 0.03665999 -0.96121236 -0.27336212]
 [ 0.93331998 -0.06483537  0.35314362]]"
460,"[[-0.3575897  -0.26906578  0.89427803]
 [ 0.03708882 -0.96093163 -0.27428968]
 [ 0.93314201 -0.06491544  0.35359856]]"
461,"[[-0.3580148  -0.26927114  0.89404604]
 [ 0.03697912 -0.96085184 -0.27458381]
 [ 0.93298329 -0.06524401  0.35395638]]"
462,"[[-0.35901121 -0.26967556  0.89352458]
 [ 0.03717736 -0.96071993 -0.27501831]
 [ 0.93259259 -0.06551579  0.35493526]]"
463,"[[-0.35926415 -0.26981575  0.89338053]
 [ 0.03720318 -0.9606731  -0.27517834]
 [ 0.9324941  -0.06562512  0.35517348]]"
464,"[[-0.36003886 -0.27026367  0.89293318]
 [ 0.03742483 -0.96053377 -0.27563429]
 [ 0.9321864  -0.06582119  0.35594418]]"
465,"[[-0.36086666 -0.27032579  0.89258007]
 [ 0.03729448 -0.96048723 -0.27581405]
 [ 0.93187142 -0.06624378  0.35668941]]"
466,"[[-0.36135154 -0.27124964  0.89210358]
 [ 0.03747515 -0.96020336 -0.2767763 ]
 [ 0.93167633 -0.06658185  0.35713624]]"
467,"[[-0.36155658 -0.27121448  0.89203111]
 [ 0.03734122 -0.96020013 -0.2768056 ]
 [ 0.93160207 -0.06677135  0.35729409]]"
468,"[[-0.36220497 -0.27209147  0.89150078]
 [ 0.03765758 -0.95993572 -0.27767843]
 [ 0.93133738 -0.06700472  0.35793957]]"
469,"[[-0.36313871 -0.27223688  0.89107643]
 [ 0.03760904 -0.95986589 -0.27792629]
 [ 0.93097566 -0.06741323  0.35880278]]"
470,"[[-0.36367858 -0.27270391  0.89071351]
 [ 0.03783977 -0.95972459 -0.2783826 ]
 [ 0.93075567 -0.06753741  0.35935046]]"
471,"[[-0.36424058 -0.27369695  0.89017905]
 [ 0.03804289 -0.95941552 -0.27941832]
 [ 0.93052754 -0.0679105   0.35987022]]"
472,"[[-0.36482147 -0.27353146  0.88999204]
 [ 0.03791677 -0.95944491 -0.27933454]
 [ 0.93030511 -0.06816162  0.36039753]]"
473,"[[-0.36551338 -0.27450364  0.88940861]
 [ 0.03843248 -0.95916105 -0.28023745]
 [ 0.93001229 -0.06824835  0.36113597]]"
474,"[[-0.3663337  -0.2746355   0.88903041]
 [ 0.03819246 -0.95908272 -0.28053821]
 [ 0.92969945 -0.06881636  0.36183349]]"
475,"[[-0.36707613 -0.27515429  0.88856365]
 [ 0.03828609 -0.95890834 -0.28112095]
 [ 0.92940272 -0.06917318  0.36252714]]"
476,"[[-0.36715522 -0.27546706  0.88843394]
 [ 0.03838832 -0.95881506 -0.28142496]
 [ 0.92936715 -0.06922114  0.36260855]]"
477,"[[-0.36792484 -0.27589503  0.88798266]
 [ 0.0385332  -0.95867195 -0.28189233]
 [ 0.92905676 -0.06949837  0.36335029]]"
478,"[[-0.36839627 -0.27679885  0.88750586]
 [ 0.03882558 -0.95839517 -0.28279193]
 [ 0.92885781 -0.06972157  0.36381618]]"
479,"[[-0.36939738 -0.27709489  0.88699712]
 [ 0.03893757 -0.95828515 -0.28314913]
 [ 0.92845535 -0.07005702  0.36477725]]"
480,"[[-0.37017875 -0.27764684  0.88649876]
 [ 0.03910429 -0.95810245 -0.28374384]
 [ 0.9281372  -0.07037006  0.36552653]]"
481,"[[-0.37050518 -0.27796054  0.88626404]
 [ 0.03905313 -0.95799013 -0.28412986]
 [ 0.92800908 -0.07066022  0.36579568]]"
482,"[[-0.37126207 -0.27861002  0.88574309]
 [ 0.03933173 -0.95778432 -0.2847845 ]
 [ 0.92769466 -0.07089186  0.36654704]]"
483,"[[-0.37168843 -0.27945352  0.88529845]
 [ 0.0395451  -0.95751846 -0.28564766]
 [ 0.92751485 -0.07116269  0.36694939]]"
484,"[[-0.37235664 -0.27950791  0.8850005 ]
 [ 0.03918568 -0.95745657 -0.28590452]
 [ 0.92726212 -0.07177911  0.36746807]]"
485,"[[-0.37315576 -0.2801761   0.88445242]
 [ 0.03952629 -0.95724676 -0.28655944]
 [ 0.92692632 -0.07197218  0.36827638]]"
486,"[[-0.37358915 -0.28045713  0.88418037]
 [ 0.03957624 -0.9571486  -0.28688025]
 [ 0.92674961 -0.07218281  0.36867974]]"
487,"[[-0.37465993 -0.28119456  0.88349288]
 [ 0.04016115 -0.95692744 -0.28753604]
 [ 0.92629214 -0.07224616  0.36981565]]"
488,"[[-0.37535101 -0.28209776  0.88291137]
 [ 0.04052965 -0.95664412 -0.28842569]
 [ 0.92599621 -0.07247679  0.37051069]]"
489,"[[-0.37642289 -0.28218088  0.88242839]
 [ 0.04044049 -0.95658242 -0.28864275]
 [ 0.92556495 -0.07296592  0.37149121]]"
490,"[[-0.37655664 -0.28289866  0.88214151]
 [ 0.04078964 -0.95637141 -0.28929216]
 [ 0.92549527 -0.07295269  0.37166765]]"
491,"[[-0.37758861 -0.2829164   0.88169462]
 [ 0.0404045  -0.95630822 -0.28955496]
 [ 0.92509165 -0.07370827  0.37252258]]"
492,"[[-0.37821158 -0.28350849  0.88123719]
 [ 0.04064988 -0.95611676 -0.29015227]
 [ 0.92482627 -0.07391677  0.3731391 ]]"
493,"[[-0.37868348 -0.28448943  0.88071822]
 [ 0.04100029 -0.95580873 -0.29111621]
 [ 0.92461765 -0.0741312   0.37361313]]"
494,"[[-0.37980367 -0.28466607  0.88017855]
 [ 0.04092685 -0.95571455 -0.29143555]
 [ 0.92416127 -0.07466533  0.3746342 ]]"
495,"[[-0.37994952 -0.28551082  0.87984196]
 [ 0.04137683 -0.95546688 -0.29218317]
 [ 0.9240813  -0.07460977  0.37484262]]"
496,"[[-0.38153418 -0.28576473  0.8790734 ]
 [ 0.04160152 -0.955358   -0.29250708]
 [ 0.92341801 -0.07503063  0.37638974]]"
497,"[[-0.38216565 -0.28665195  0.87851011]
 [ 0.04198289 -0.95507616 -0.29337171]
 [ 0.92313963 -0.07523418  0.37703168]]"
498,"[[-0.3829622  -0.28748306  0.8778915 ]
 [ 0.04227723 -0.95480039 -0.29422584]
 [ 0.92279609 -0.07556256  0.37780649]]"
499,"[[-0.38415225 -0.28773506  0.87728877]
 [ 0.0422573  -0.95468139 -0.29461459]
 [ 0.92230222 -0.07610501  0.37890192]]"
500,"[[-0.38424698 -0.28843526  0.87701739]
 [ 0.04252811 -0.95446568 -0.29527384]
 [ 0.92225038 -0.07616022  0.37901739]]"
501,"[[-0.38557437 -0.28869118  0.87635028]
 [ 0.04271422 -0.9543578  -0.29559546]
 [ 0.92168753 -0.07654141  0.38030713]]"
502,"[[-0.3861453  -0.28971313  0.87576149]
 [ 0.04333764 -0.9540482  -0.29650275]
 [ 0.92141941 -0.07653972  0.38095684]]"
503,"[[-0.38678342 -0.29048184  0.87522514]
 [ 0.04353972 -0.95378632 -0.29731458]
 [ 0.92114224 -0.07688932  0.38155647]]"
504,"[[-0.38818253 -0.29081482  0.87449479]
 [ 0.04363602 -0.95364127 -0.2977654 ]
 [ 0.92054891 -0.07742786  0.38287698]]"
505,"[[-0.3883036  -0.2916631   0.87415836]
 [ 0.04408562 -0.95338634 -0.29851455]
 [ 0.92047632 -0.07737644  0.38306131]]"
506,"[[-0.38919992 -0.29171322  0.87374299]
 [ 0.0439373  -0.95333088 -0.2987135 ]
 [ 0.92010485 -0.07786936  0.38385338]]"
507,"[[-0.38988161 -0.29269909  0.87310922]
 [ 0.04441846 -0.95301417 -0.29965148]
 [ 0.91979317 -0.07804646  0.38456417]]"
508,"[[-0.39064581 -0.29343269  0.87252108]
 [ 0.0446616  -0.95276032 -0.30042155]
 [ 0.91945697 -0.07839022  0.38529689]]"
509,"[[-0.39173823 -0.29342548  0.87203357]
 [ 0.04453705 -0.95271995 -0.30056805]
 [ 0.91899811 -0.07890618  0.38628499]]"
510,"[[-0.3918628  -0.29423268  0.87170561]
 [ 0.04497746 -0.95247546 -0.3012765 ]
 [ 0.91892359 -0.07885194  0.38647353]]"
511,"[[-0.39300307 -0.29440998  0.87113221]
 [ 0.04508485 -0.95238944 -0.30153226]
 [ 0.91843123 -0.07922824  0.38756536]]"
512,"[[-0.39453225 -0.29547231  0.8700807 ]
 [ 0.04441561 -0.95191584 -0.30312289]
 [ 0.91780802 -0.08094659  0.38868508]]"
513,"[[-0.39548786 -0.29630533  0.86936324]
 [ 0.04450985 -0.95160385 -0.30408713]
 [ 0.91739204 -0.08156752  0.38953617]]"
514,"[[-0.39567331 -0.29647134  0.86922236]
 [ 0.04453436 -0.95154217 -0.30427652]
 [ 0.91731099 -0.08168386  0.38970322]]"
515,"[[-0.39627897 -0.29735842  0.86864321]
 [ 0.04494205 -0.95124852 -0.30513354]
 [ 0.91702959 -0.08187941  0.39032379]]"
516,"[[-0.39752111 -0.29740075  0.868061  ]
 [ 0.04521233 -0.95121878 -0.30518633]
 [ 0.91647856 -0.08207097  0.39157594]]"
517,"[[-0.39824663 -0.29826812  0.86743048]
 [ 0.04565574 -0.95093015 -0.30601862]
 [ 0.9161414  -0.08226768  0.3923222 ]]"
518,"[[-0.39899759 -0.29900302  0.86683225]
 [ 0.04602156 -0.95067953 -0.30674166]
 [ 0.91579636 -0.08249621  0.39307947]]"
519,"[[-0.3990786  -0.29921185  0.86672286]
 [ 0.04602123 -0.95060298 -0.30697884]
 [ 0.91576105 -0.08262103  0.39313537]]"
520,"[[-0.39976394 -0.29963542  0.86626051]
 [ 0.04597807 -0.95042688 -0.30753007]
 [ 0.91546418 -0.08311042  0.39372282]]"
521,"[[-0.4009132  -0.30040115  0.86546395]
 [ 0.0467301  -0.95018583 -0.30816098]
 [ 0.91492349 -0.08310261  0.39497998]]"
522,"[[-0.40140958 -0.3009069   0.86505805]
 [ 0.04689798 -0.95000473 -0.30869338]
 [ 0.9146972  -0.08334301  0.39545299]]"
523,"[[-0.40191853 -0.30122661  0.86471035]
 [ 0.04708234 -0.94989079 -0.30901574]
 [ 0.91446417 -0.08348656  0.39596111]]"
524,"[[-0.40266988 -0.3020271   0.8640814 ]
 [ 0.04731886 -0.94960126 -0.30986832]
 [ 0.91412142 -0.0838873   0.39666753]]"
525,"[[-0.40348474 -0.30244352  0.86355538]
 [ 0.04752522 -0.94944385 -0.31031875]
 [ 0.91375124 -0.08416821  0.39745964]]"
526,"[[-0.40355163 -0.30282923  0.86338905]
 [ 0.04745762 -0.94929668 -0.31077903]
 [ 0.91372532 -0.08444101  0.39746196]]"
527,"[[-0.40421711 -0.30364965  0.86278937]
 [ 0.04798429 -0.94902743 -0.31151959]
 [ 0.91340358 -0.08452123  0.39818367]]"
528,"[[-0.40453675 -0.3049504   0.8621805 ]
 [ 0.04877261 -0.94861898 -0.31263919]
 [ 0.91322023 -0.08442324  0.39862437]]"
529,"[[-0.40575685 -0.30534844  0.861466  ]
 [ 0.04906707 -0.94846073 -0.31307294]
 [ 0.91266301 -0.08476188  0.39982694]]"
530,"[[-0.40650506 -0.30631607  0.86076953]
 [ 0.04981589 -0.94815272 -0.3138866 ]
 [ 0.91228948 -0.0847165   0.40068843]]"
531,"[[-0.4069514  -0.30642794  0.86051876]
 [ 0.04978823 -0.94809419 -0.31406774]
 [ 0.91209196 -0.08496661  0.40108487]]"
532,"[[-0.4075252  -0.30737101  0.85991057]
 [ 0.05032889 -0.94778024 -0.31492794]
 [ 0.91180598 -0.08506271  0.40171384]]"
533,"[[-0.408214   -0.30812     0.85931572]
 [ 0.05092844 -0.94753794 -0.31556006]
 [ 0.91146462 -0.08505245  0.40249053]]"
534,"[[-0.4093385  -0.3088355   0.85852357]
 [ 0.05113757 -0.94725558 -0.3163729 ]
 [ 0.91094842 -0.08560082  0.40354142]]"
535,"[[-0.41048374 -0.30979697  0.85762986]
 [ 0.0521272  -0.94695392 -0.3171136 ]
 [ 0.91037679 -0.08546414  0.40485812]]"
536,"[[-0.41084573 -0.30983315  0.85744335]
 [ 0.05209711 -0.94692512 -0.3172045 ]
 [ 0.91021512 -0.08565177  0.40518138]]"
537,"[[-0.41184926 -0.310901    0.85657499]
 [ 0.0528533  -0.94656548 -0.31815142]
 [ 0.9097179  -0.0857576   0.40627436]]"
538,"[[-0.41230628 -0.31163617  0.85608793]
 [ 0.05300726 -0.94629049 -0.31894287]
 [ 0.90950199 -0.0861233   0.40668068]]"
539,"[[-0.41326477 -0.31221066  0.85541614]
 [ 0.0532233  -0.94606272 -0.31958195]
 [ 0.9090542  -0.0865439   0.40759132]]"
540,"[[-0.41370684 -0.31290425  0.85494884]
 [ 0.05375377 -0.94583804 -0.32015766]
 [ 0.90882183 -0.08649468  0.40811934]]"
541,"[[-0.41447208 -0.31312982  0.85449552]
 [ 0.05367367 -0.94571847 -0.32052411]
 [ 0.90847785 -0.08698438  0.4087807 ]]"
542,"[[-0.41542724 -0.31385958  0.85376368]
 [ 0.05436391 -0.94547612 -0.32112223]
 [ 0.90800045 -0.08698899  0.40983925]]"
543,"[[-0.41612152 -0.31463869  0.85313854]
 [ 0.05482322 -0.9452016  -0.32185144]
 [ 0.90765483 -0.0871575   0.41056823]]"
544,"[[-0.4165     -0.31490161  0.85285685]
 [ 0.0549972  -0.94510535 -0.32210432]
 [ 0.90747073 -0.08725172  0.4109552 ]]"
545,"[[-0.41728798 -0.31553147  0.85223864]
 [ 0.05521089 -0.944859   -0.32278978]
 [ 0.90709568 -0.08764346  0.41169919]]"
546,"[[-0.41806594 -0.31609209  0.85164945]
 [ 0.0553251  -0.94462885 -0.32344317]
 [ 0.90673046 -0.08810301  0.41240519]]"
547,"[[-0.41868855 -0.3171805   0.8509386 ]
 [ 0.05608036 -0.94426509 -0.32437391]
 [ 0.90639669 -0.08809072  0.4131407 ]]"
548,"[[-0.41948755 -0.3178759   0.85028533]
 [ 0.05631667 -0.9439929  -0.32512434]
 [ 0.90601251 -0.08850038  0.41389505]]"
549,"[[-0.42024097 -0.31819059  0.84979541]
 [ 0.05666751 -0.9438786  -0.32539511]
 [ 0.90564137 -0.08858856  0.41468747]]"
550,"[[-0.42086933 -0.31894915  0.84919994]
 [ 0.05688206 -0.94358509 -0.32620795]
 [ 0.90533614 -0.0889867   0.41526866]]"
551,"[[-0.42198026 -0.31987031  0.84830163]
 [ 0.05749012 -0.94324835 -0.32707405]
 [ 0.9047804  -0.08924984  0.4164216 ]]"
552,"[[-0.42297399 -0.32051021  0.84756488]
 [ 0.05804495 -0.94301821 -0.32763919]
 [ 0.90428082 -0.08938599  0.41747622]]"
553,"[[-0.42344492 -0.32077961  0.84722767]
 [ 0.05811001 -0.9429024  -0.32796078]
 [ 0.90405615 -0.08964089  0.41790754]]"
554,"[[-0.42429393 -0.32155508  0.8465087 ]
 [ 0.05865651 -0.94262335 -0.32866493]
 [ 0.90362275 -0.08979728  0.41881064]]"
555,"[[-0.42515676 -0.321934    0.84593166]
 [ 0.05871883 -0.94244886 -0.32915384]
 [ 0.90321313 -0.09026989  0.41959233]]"
556,"[[-0.4261024  -0.32257636  0.8452108 ]
 [ 0.05908902 -0.94219873 -0.32980303]
 [ 0.9027432  -0.0905872   0.42053396]]"
557,"[[-0.42644218 -0.32286261  0.84493007]
 [ 0.0592985  -0.94209469 -0.33006254]
 [ 0.90256898 -0.09064951  0.4208942 ]]"
558,"[[-0.42751046 -0.32364086  0.84409207]
 [ 0.05964651 -0.94178309 -0.33088806]
 [ 0.90204053 -0.09111097  0.4219262 ]]"
559,"[[-0.4285552  -0.32435778  0.84328675]
 [ 0.06046742 -0.94154319 -0.33142137]
 [ 0.90148999 -0.09104099  0.42311643]]"
560,"[[-0.42954086 -0.32506044  0.84251428]
 [ 0.06065999 -0.94124676 -0.33222717]
 [ 0.90100775 -0.09159822  0.42402204]]"
